"Country Name",Country Code,Indicator Name,Indicator Code,1960,1961,1962,1963,1964,1965,1966,1967,1968,1969,1970,1971,1972,1973,1974,1975,1976,1977,1978,1979,1980,1981,1982,1983,1984,1985,1986,1987,1988,1989,1990,1991,1992,1993,1994,1995,1996,1997,1998,1999,2000,2001,2002,2003,2004,2005,2006,2007,2008,2009,2010,2011,2012,2013
Aruba,ABW,"Fertility rate, total (births per woman)",SP.DYN.TFRT.IN,4.820,4.655,4.471,4.271,4.059,3.842,3.625,3.417,3.226,3.054,2.908,2.788,2.691,2.613,2.552,2.506,2.472,2.446,2.425,2.408,2.392,2.377,2.364,2.353,2.342,2.332,2.320,2.307,2.291,2.272,2.249,2.221,2.187,2.149,2.108,2.064,2.021,1.979,1.940,1.905,1.874,1.848,1.825,1.805,1.786,1.769,1.754,1.739,1.726,1.713,1.701,1.690,,
Andorra,AND,"Fertility rate, total (births per woman)",SP.DYN.TFRT.IN,,,,,,,,,,,,,,,,,,,,,,,,,,,,,,,,,,,,,,,,,,,,,,,1.240,1.180,1.250,1.190,1.220,,,
Afghanistan,AFG,"Fertility rate, total (births per woman)",SP.DYN.TFRT.IN,7.671,7.671,7.671,7.671,7.671,7.671,7.671,7.671,7.671,7.671,7.671,7.671,7.671,7.671,7.671,7.671,7.670,7.670,7.670,7.669,7.669,7.670,7.671,7.673,7.676,7.679,7.681,7.682,7.682,7.682,7.687,7.700,7.725,7.758,7.796,7.832,7.859,7.869,7.854,7.809,7.733,7.623,7.484,7.321,7.136,6.930,6.702,6.456,6.196,5.928,5.659,5.395,,
Angola,AGO,"Fertility rate, total (births per woman)",SP.DYN.TFRT.IN,7.316,7.354,7.385,7.410,7.425,7.430,7.422,7.403,7.375,7.339,7.301,7.264,7.232,7.208,7.192,7.185,7.186,7.189,7.194,7.197,7.200,7.201,7.203,7.205,7.207,7.208,7.206,7.202,7.194,7.182,7.165,7.143,7.116,7.087,7.054,7.019,6.984,6.949,6.913,6.878,6.844,6.811,6.778,6.743,6.704,6.657,6.598,6.523,6.434,6.331,6.218,6.099,,
Albania,ALB,"Fertility rate, total (births per woman)",SP.DYN.TFRT.IN,6.186,6.076,5.956,5.833,5.711,5.594,5.483,5.376,5.268,5.160,5.050,4.933,4.809,4.677,4.538,4.393,4.244,4.094,3.947,3.807,3.678,3.562,3.460,3.372,3.297,3.233,3.177,3.126,3.075,3.023,2.970,2.917,2.867,2.819,2.772,2.723,2.670,2.611,2.543,2.467,2.383,2.291,2.195,2.097,2.004,1.919,1.849,1.796,1.761,1.744,1.741,1.748,,
United Arab Emirates,ARE,"Fertility rate, total (births per woman)",SP.DYN.TFRT.IN,6.928,6.910,6.893,6.877,6.861,6.841,6.816,6.783,6.738,6.679,6.605,6.512,6.402,6.279,6.146,6.009,5.873,5.744,5.624,5.517,5.423,5.344,5.274,5.209,5.141,5.065,4.973,4.860,4.724,4.566,4.388,4.193,3.989,3.784,3.583,3.393,3.215,3.052,2.902,2.766,2.644,2.532,2.428,2.329,2.236,2.149,2.071,2.004,1.948,1.903,1.868,1.841,,
Argentina,ARG,"Fertility rate, total (births per woman)",SP.DYN.TFRT.IN,3.109,3.100,3.089,3.078,3.068,3.058,3.051,3.048,3.049,3.056,3.073,3.104,3.148,3.203,3.264,3.321,3.366,3.391,3.391,3.368,3.325,3.270,3.213,3.163,3.123,3.093,3.073,3.056,3.037,3.016,2.989,2.956,2.918,2.875,2.827,2.774,2.717,2.657,2.596,2.535,2.477,2.424,2.379,2.340,2.310,2.286,2.268,2.254,2.241,2.228,2.215,2.201,,
Armenia,ARM,"Fertility rate, total (births per woman)",SP.DYN.TFRT.IN,4.550,4.512,4.435,4.317,4.161,3.979,3.788,3.606,3.447,3.314,3.208,3.118,3.032,2.942,2.846,2.745,2.646,2.555,2.479,2.421,2.385,2.373,2.381,2.406,2.441,2.481,2.519,2.549,2.566,2.565,2.538,2.482,2.399,2.295,2.176,2.053,1.938,1.838,1.762,1.712,1.688,1.684,1.692,1.704,1.715,1.724,1.728,1.731,1.734,1.736,1.738,1.738,,
American Samoa,ASM,"Fertility rate, total (births per woman)",SP.DYN.TFRT.IN,,,,,,,,,,,,,,,,,,,,,,,,,,,,,,,,,,,,,,,,,,,,,,,,,,,,,,
Antigua and Barbuda,ATG,"Fertility rate, total (births per woman)",SP.DYN.TFRT.IN,4.425,4.386,4.344,4.299,4.250,4.193,4.125,4.042,3.942,3.824,3.684,3.517,3.328,3.122,2.908,2.701,2.514,2.358,2.239,2.159,2.115,2.098,2.096,2.098,2.098,2.092,2.082,2.070,2.062,2.058,2.061,2.073,2.096,2.128,2.166,2.208,2.248,2.281,2.304,2.316,2.316,2.305,2.288,2.268,2.246,2.224,2.203,2.183,2.164,2.146,2.130,2.115,,
Australia,AUS,"Fertility rate, total (births per woman)",SP.DYN.TFRT.IN,3.453,3.540,3.442,3.332,3.146,2.977,2.881,2.848,2.888,2.886,2.859,2.961,2.744,2.491,2.397,2.148,2.060,2.007,1.949,1.907,1.891,1.935,1.929,1.924,1.840,1.923,1.868,1.845,1.831,1.838,1.902,1.849,1.888,1.859,1.842,1.822,1.796,1.778,1.762,1.755,1.756,1.739,1.756,1.748,1.768,1.807,1.883,1.931,1.933,1.857,1.870,1.870,,
Austria,AUT,"Fertility rate, total (births per woman)",SP.DYN.TFRT.IN,2.690,2.799,2.798,2.811,2.770,2.685,2.662,2.630,2.591,2.496,2.290,2.202,2.102,1.970,1.950,1.820,1.698,1.641,1.621,1.600,1.620,1.670,1.660,1.560,1.530,1.460,1.470,1.420,1.430,1.450,1.450,1.500,1.490,1.480,1.440,1.400,1.420,1.360,1.370,1.340,1.360,1.330,1.390,1.380,1.420,1.410,1.410,1.380,1.410,1.390,1.440,1.420,,
Azerbaijan,AZE,"Fertility rate, total (births per woman)",SP.DYN.TFRT.IN,5.571,5.596,5.591,5.549,5.468,5.352,5.210,5.056,4.901,4.753,4.612,4.479,4.348,4.216,4.084,3.950,3.814,3.676,3.539,3.407,3.286,3.179,3.092,3.026,2.980,2.910,2.900,2.903,2.800,2.800,2.740,2.870,2.740,2.700,2.520,2.290,2.060,2.070,2.000,2.070,2.000,1.800,1.800,1.900,2.054,2.000,1.970,1.970,1.900,1.820,1.920,1.920,,
Burundi,BDI,"Fertility rate, total (births per woman)",SP.DYN.TFRT.IN,6.953,6.998,7.045,7.092,7.138,7.179,7.216,7.247,7.272,7.293,7.311,7.329,7.348,7.370,7.395,7.419,7.439,7.452,7.457,7.455,7.450,7.449,7.454,7.469,7.492,7.520,7.546,7.565,7.572,7.564,7.542,7.508,7.465,7.418,7.368,7.318,7.267,7.217,7.165,7.112,7.057,7.000,6.939,6.873,6.803,6.729,6.650,6.567,6.481,6.393,6.304,6.214,,
Belgium,BEL,"Fertility rate, total (births per woman)",SP.DYN.TFRT.IN,2.575,2.644,2.592,2.680,2.712,2.613,2.530,2.420,2.313,2.245,2.200,2.208,2.090,1.950,1.830,1.736,1.725,1.705,1.691,1.689,1.672,1.670,1.614,1.560,1.591,1.490,1.540,1.550,1.560,1.580,1.620,1.570,1.560,1.610,1.550,1.570,1.550,1.600,1.600,1.620,1.670,1.663,1.660,1.660,1.720,1.760,1.800,1.820,1.860,1.840,1.840,1.840,,
Benin,BEN,"Fertility rate, total (births per woman)",SP.DYN.TFRT.IN,6.282,6.339,6.394,6.447,6.497,6.544,6.588,6.630,6.671,6.710,6.748,6.786,6.823,6.860,6.896,6.929,6.959,6.984,7.004,7.018,7.025,7.025,7.021,7.010,6.994,6.972,6.942,6.904,6.858,6.805,6.744,6.677,6.603,6.526,6.446,6.365,6.284,6.205,6.128,6.051,5.975,5.898,5.818,5.733,5.645,5.553,5.459,5.365,5.273,5.182,5.095,5.010,,
Burkina Faso,BFA,"Fertility rate, total (births per woman)",SP.DYN.TFRT.IN,6.291,6.316,6.344,6.377,6.414,6.454,6.493,6.530,6.563,6.593,6.623,6.657,6.697,6.744,6.799,6.859,6.922,6.984,7.041,7.090,7.127,7.152,7.165,7.167,7.159,7.142,7.119,7.092,7.064,7.036,7.007,6.979,6.950,6.917,6.882,6.844,6.801,6.754,6.704,6.650,6.592,6.531,6.468,6.403,6.335,6.265,6.193,6.116,6.037,5.954,5.869,5.781,,
Bangladesh,BGD,"Fertility rate, total (births per woman)",SP.DYN.TFRT.IN,6.725,6.761,6.794,6.825,6.853,6.878,6.901,6.920,6.935,6.945,6.947,6.942,6.928,6.904,6.869,6.821,6.758,6.680,6.587,6.480,6.356,6.216,6.060,5.890,5.710,5.522,5.327,5.130,4.932,4.738,4.550,4.370,4.197,4.033,3.878,3.732,3.596,3.468,3.346,3.231,3.120,3.011,2.905,2.802,2.702,2.607,2.520,2.443,2.377,2.322,2.277,2.240,,
Bulgaria,BGR,"Fertility rate, total (births per woman)",SP.DYN.TFRT.IN,2.308,2.290,2.240,2.210,2.190,2.090,2.030,2.020,2.270,2.270,2.170,2.100,2.030,2.150,2.290,2.230,2.240,2.200,2.150,2.150,2.050,2.010,2.020,2.000,1.990,1.950,1.990,1.960,1.970,1.900,1.810,1.650,1.540,1.450,1.370,1.230,1.240,1.090,1.110,1.230,1.260,1.210,1.210,1.230,1.290,1.320,1.380,1.420,1.480,1.570,1.490,1.510,,
Bahrain,BHR,"Fertility rate, total (births per woman)",SP.DYN.TFRT.IN,7.090,7.132,7.168,7.190,7.192,7.165,7.101,6.998,6.860,6.690,6.498,6.293,6.089,5.895,5.716,5.556,5.414,5.283,5.157,5.036,4.917,4.802,4.690,4.581,4.472,4.362,4.248,4.128,4.002,3.872,3.738,3.601,3.466,3.335,3.212,3.100,3.005,2.926,2.862,2.810,2.765,2.718,2.665,2.602,2.529,2.449,2.367,2.292,2.229,2.179,2.142,2.115,,
"Bahamas, The",BHS,"Fertility rate, total (births per woman)",SP.DYN.TFRT.IN,4.495,4.496,4.450,4.356,4.220,4.057,3.893,3.750,3.641,3.571,3.531,3.504,3.469,3.411,3.330,3.234,3.139,3.062,3.012,2.990,2.989,2.994,2.989,2.965,2.919,2.857,2.789,2.728,2.683,2.654,2.639,2.631,2.621,2.601,2.566,2.514,2.443,2.357,2.263,2.165,2.071,1.989,1.924,1.880,1.857,1.853,1.862,1.876,1.889,1.898,1.901,1.898,,
Bosnia and Herzegovina,BIH,"Fertility rate, total (births per woman)",SP.DYN.TFRT.IN,4.052,3.954,3.849,3.737,3.619,3.495,3.367,3.239,3.114,2.994,2.881,2.775,2.675,2.581,2.493,2.412,2.336,2.267,2.202,2.144,2.092,2.050,2.017,1.992,1.973,1.953,1.925,1.887,1.836,1.775,1.708,1.645,1.594,1.558,1.538,1.528,1.519,1.503,1.474,1.433,1.381,1.325,1.275,1.236,1.210,1.199,1.199,1.207,1.218,1.230,1.242,1.255,,
Belarus,BLR,"Fertility rate, total (births per woman)",SP.DYN.TFRT.IN,2.670,2.590,2.500,2.400,2.310,2.270,2.290,2.260,2.220,2.260,2.310,2.310,2.280,2.250,2.210,2.170,2.120,2.080,2.060,2.050,2.030,2.020,2.050,2.110,2.110,2.090,2.090,2.030,2.040,2.030,1.910,1.800,1.750,1.610,1.510,1.386,1.310,1.230,1.270,1.310,1.310,1.270,1.220,1.210,1.200,1.210,1.287,1.370,1.420,1.420,1.440,1.510,,
Belize,BLZ,"Fertility rate, total (births per woman)",SP.DYN.TFRT.IN,6.500,6.480,6.460,6.440,6.420,6.400,6.379,6.358,6.337,6.316,6.299,6.288,6.284,6.285,6.286,6.278,6.250,6.195,6.109,5.992,5.849,5.684,5.510,5.336,5.170,5.019,4.886,4.771,4.671,4.584,4.508,4.436,4.363,4.286,4.201,4.108,4.008,3.905,3.800,3.696,3.594,3.493,3.395,3.299,3.208,3.122,3.043,2.971,2.907,2.851,2.801,2.756,,
Bermuda,BMU,"Fertility rate, total (births per woman)",SP.DYN.TFRT.IN,,,,,,,,,,,,,,,,,,,,,,,,,,,,,,,,,,,,1.800,,,,,1.740,,,,,1.752,1.754,1.757,1.759,1.762,1.764,1.764,,
Bolivia,BOL,"Fertility rate, total (births per woman)",SP.DYN.TFRT.IN,6.696,6.672,6.648,6.627,6.607,6.593,6.586,6.585,6.587,6.587,6.578,6.549,6.496,6.415,6.310,6.183,6.043,5.899,5.761,5.634,5.521,5.423,5.337,5.259,5.189,5.127,5.074,5.029,4.989,4.952,4.913,4.866,4.810,4.742,4.663,4.575,4.482,4.390,4.302,4.219,4.140,4.062,3.982,3.897,3.809,3.720,3.633,3.551,3.477,3.413,3.357,3.308,,
Brazil,BRA,"Fertility rate, total (births per woman)",SP.DYN.TFRT.IN,6.210,6.190,6.143,6.063,5.953,5.815,5.658,5.491,5.326,5.168,5.024,4.896,4.782,4.679,4.585,4.499,4.418,4.339,4.256,4.169,4.073,3.966,3.848,3.721,3.587,3.449,3.308,3.170,3.039,2.917,2.809,2.717,2.643,2.583,2.537,2.502,2.474,2.451,2.427,2.399,2.364,2.318,2.264,2.202,2.135,2.066,2.001,1.944,1.897,1.862,1.838,1.822,,
Barbados,BRB,"Fertility rate, total (births per woman)",SP.DYN.TFRT.IN,4.333,4.313,4.269,4.196,4.094,3.963,3.807,3.637,3.460,3.284,3.113,2.949,2.794,2.648,2.513,2.393,2.288,2.198,2.121,2.057,2.004,1.960,1.922,1.889,1.858,1.830,1.805,1.782,1.765,1.750,1.740,1.732,1.727,1.725,1.724,1.726,1.730,1.736,1.745,1.756,1.768,1.780,1.791,1.801,1.810,1.817,1.822,1.827,1.831,1.835,1.839,1.842,,
Brunei Darussalam,BRN,"Fertility rate, total (births per woman)",SP.DYN.TFRT.IN,6.487,6.487,6.448,6.360,6.227,6.068,5.918,5.804,5.742,5.731,5.751,5.771,5.758,5.687,5.555,5.365,5.132,4.884,4.645,4.429,4.246,4.103,3.992,3.906,3.843,3.794,3.755,3.715,3.668,3.608,3.532,3.435,3.321,3.197,3.064,2.929,2.798,2.677,2.569,2.477,2.401,2.341,2.292,2.249,2.211,2.177,2.147,2.119,2.095,2.072,2.051,2.031,,
Bhutan,BTN,"Fertility rate, total (births per woman)",SP.DYN.TFRT.IN,6.670,6.670,6.670,6.670,6.670,6.670,6.670,6.670,6.670,6.670,6.671,6.674,6.679,6.685,6.690,6.692,6.685,6.668,6.640,6.601,6.553,6.504,6.456,6.410,6.362,6.306,6.230,6.127,5.994,5.829,5.639,5.431,5.216,5.003,4.796,4.597,4.401,4.205,4.006,3.806,3.608,3.417,3.237,3.071,2.923,2.793,2.682,2.587,2.506,2.436,2.375,2.322,,
Botswana,BWA,"Fertility rate, total (births per woman)",SP.DYN.TFRT.IN,6.615,6.632,6.649,6.666,6.681,6.693,6.698,6.696,6.686,6.667,6.641,6.611,6.579,6.546,6.512,6.477,6.440,6.399,6.350,6.291,6.217,6.125,6.012,5.880,5.731,5.567,5.393,5.214,5.036,4.863,4.698,4.542,4.394,4.252,4.117,3.989,3.866,3.746,3.631,3.519,3.413,3.316,3.227,3.148,3.079,3.017,2.962,2.910,2.860,2.811,2.761,2.712,,
Sub-Saharan Africa (IFC classification),CAA,"Fertility rate, total (births per woman)",SP.DYN.TFRT.IN,,,,,,,,,,,,,,,,,,,,,,,,,,,,,,,,,,,,,,,,,,,,,,,,,,,,,,
Central African Republic,CAF,"Fertility rate, total (births per woman)",SP.DYN.TFRT.IN,5.840,5.867,5.891,5.910,5.925,5.937,5.945,5.950,5.953,5.954,5.954,5.954,5.953,5.952,5.951,5.950,5.951,5.952,5.953,5.954,5.954,5.955,5.956,5.955,5.952,5.944,5.927,5.902,5.868,5.826,5.780,5.734,5.691,5.653,5.622,5.596,5.573,5.550,5.522,5.488,5.446,5.393,5.329,5.257,5.176,5.089,4.997,4.903,4.809,4.716,4.626,4.538,,
Canada,CAN,"Fertility rate, total (births per woman)",SP.DYN.TFRT.IN,3.811,3.753,3.681,3.607,3.456,3.115,2.749,2.528,2.386,2.334,2.258,2.141,1.980,1.890,1.837,1.824,1.796,1.782,1.768,1.754,1.740,1.700,1.690,1.680,1.650,1.670,1.675,1.680,1.680,1.770,1.830,1.700,1.710,1.700,1.669,1.639,1.592,1.550,1.530,1.510,1.490,1.505,1.520,1.530,1.530,1.540,1.586,1.659,1.681,1.668,1.627,1.627,,
Switzerland,CHE,"Fertility rate, total (births per woman)",SP.DYN.TFRT.IN,2.336,2.484,2.464,2.680,2.852,2.568,2.472,2.374,2.287,2.123,2.087,2.033,1.923,1.823,1.731,1.598,1.531,1.521,1.493,1.505,1.550,1.550,1.560,1.510,1.520,1.510,1.520,1.550,1.570,1.560,1.590,1.580,1.580,1.510,1.490,1.470,1.500,1.480,1.470,1.480,1.500,1.380,1.390,1.390,1.420,1.420,1.440,1.460,1.480,1.500,1.520,1.520,,
Channel Islands,CHI,"Fertility rate, total (births per woman)",SP.DYN.TFRT.IN,2.421,2.481,2.525,2.550,2.551,2.526,2.475,2.404,2.318,2.222,2.121,2.019,1.918,1.822,1.735,1.659,1.596,1.546,1.505,1.475,1.454,1.441,1.434,1.433,1.434,1.437,1.441,1.446,1.452,1.457,1.460,1.461,1.457,1.450,1.441,1.430,1.420,1.411,1.405,1.402,1.402,1.404,1.408,1.411,1.413,1.415,1.417,1.420,1.424,1.430,1.436,1.444,,
Chile,CHL,"Fertility rate, total (births per woman)",SP.DYN.TFRT.IN,5.582,5.543,5.463,5.342,5.185,5.000,4.799,4.593,4.392,4.202,4.023,3.851,3.679,3.504,3.330,3.163,3.013,2.887,2.788,2.718,2.675,2.656,2.650,2.651,2.655,2.657,2.656,2.653,2.649,2.640,2.624,2.597,2.559,2.510,2.453,2.388,2.321,2.254,2.192,2.135,2.087,2.047,2.014,1.985,1.960,1.939,1.920,1.903,1.888,1.873,1.858,1.844,,
China,CHN,"Fertility rate, total (births per woman)",SP.DYN.TFRT.IN,5.758,5.887,6.008,6.103,6.157,6.161,6.110,6.011,5.871,5.692,5.470,5.200,4.887,4.542,4.181,3.826,3.497,3.212,2.982,2.813,2.710,2.673,2.682,2.720,2.769,2.811,2.826,2.806,2.745,2.644,2.506,2.342,2.171,2.009,1.865,1.746,1.656,1.591,1.546,1.520,1.510,1.514,1.527,1.546,1.566,1.585,1.602,1.617,1.630,1.642,1.650,1.657,,
Cote d'Ivoire,CIV,"Fertility rate, total (births per woman)",SP.DYN.TFRT.IN,7.351,7.427,7.501,7.572,7.639,7.701,7.757,7.806,7.849,7.883,7.908,7.927,7.937,7.940,7.934,7.916,7.884,7.837,7.774,7.695,7.602,7.497,7.383,7.263,7.139,7.013,6.884,6.752,6.619,6.486,6.356,6.232,6.114,6.005,5.904,5.810,5.720,5.633,5.547,5.460,5.375,5.289,5.207,5.130,5.060,5.000,4.956,4.928,4.913,4.909,4.910,4.907,,
Cameroon,CMR,"Fertility rate, total (births per woman)",SP.DYN.TFRT.IN,5.647,5.705,5.766,5.828,5.890,5.949,6.005,6.058,6.110,6.159,6.205,6.247,6.286,6.322,6.356,6.391,6.429,6.470,6.516,6.563,6.609,6.651,6.683,6.703,6.708,6.697,6.669,6.627,6.572,6.508,6.434,6.352,6.264,6.173,6.080,5.989,5.903,5.823,5.749,5.682,5.621,5.567,5.515,5.464,5.413,5.358,5.299,5.235,5.167,5.094,5.017,4.939,,
"Congo, Rep.",COG,"Fertility rate, total (births per woman)",SP.DYN.TFRT.IN,5.880,5.922,5.967,6.012,6.056,6.098,6.138,6.174,6.207,6.235,6.259,6.280,6.297,6.312,6.321,6.325,6.318,6.301,6.273,6.231,6.178,6.112,6.036,5.952,5.864,5.774,5.682,5.591,5.503,5.421,5.347,5.286,5.236,5.198,5.171,5.154,5.145,5.141,5.139,5.137,5.134,5.131,5.128,5.125,5.122,5.119,5.114,5.109,5.101,5.089,5.072,5.046,,
Colombia,COL,"Fertility rate, total (births per woman)",SP.DYN.TFRT.IN,6.807,6.800,6.776,6.731,6.661,6.559,6.422,6.250,6.050,5.830,5.599,5.370,5.153,4.956,4.782,4.631,4.497,4.372,4.247,4.121,3.993,3.867,3.744,3.630,3.525,3.430,3.347,3.275,3.211,3.155,3.104,3.057,3.012,2.966,2.920,2.872,2.823,2.775,2.727,2.682,2.640,2.603,2.570,2.542,2.518,2.496,2.475,2.454,2.430,2.405,2.376,2.346,,
Comoros,COM,"Fertility rate, total (births per woman)",SP.DYN.TFRT.IN,6.792,6.849,6.897,6.939,6.975,7.004,7.027,7.044,7.055,7.060,7.061,7.060,7.058,7.055,7.052,7.054,7.065,7.084,7.106,7.126,7.129,7.102,7.033,6.921,6.766,6.576,6.362,6.141,5.928,5.735,5.573,5.447,5.355,5.293,5.257,5.246,5.253,5.270,5.289,5.306,5.315,5.313,5.303,5.283,5.254,5.216,5.168,5.112,5.051,4.986,4.919,4.850,,
Cabo Verde,CPV,"Fertility rate, total (births per woman)",SP.DYN.TFRT.IN,6.885,6.922,6.953,6.976,6.989,6.993,6.990,6.982,6.970,6.954,6.935,6.913,6.887,6.855,6.818,6.771,6.714,6.645,6.564,6.473,6.375,6.274,6.174,6.075,5.979,5.883,5.784,5.680,5.565,5.441,5.307,5.164,5.016,4.863,4.708,4.550,4.388,4.221,4.050,3.876,3.701,3.527,3.357,3.192,3.037,2.895,2.770,2.660,2.567,2.490,2.427,2.375,,
Costa Rica,CRI,"Fertility rate, total (births per woman)",SP.DYN.TFRT.IN,7.311,7.295,7.221,7.085,6.886,6.631,6.328,5.997,5.657,5.324,5.012,4.733,4.488,4.278,4.105,3.968,3.864,3.784,3.719,3.665,3.618,3.577,3.544,3.517,3.491,3.463,3.427,3.380,3.323,3.254,3.175,3.090,3.002,2.917,2.835,2.758,2.686,2.616,2.548,2.481,2.414,2.345,2.275,2.204,2.134,2.067,2.006,1.953,1.909,1.874,1.847,1.827,,
Cuba,CUB,"Fertility rate, total (births per woman)",SP.DYN.TFRT.IN,4.182,4.360,4.509,4.606,4.643,4.617,4.540,4.433,4.312,4.180,4.033,3.857,3.646,3.400,3.127,2.844,2.573,2.332,2.134,1.987,1.892,1.843,1.826,1.825,1.832,1.837,1.836,1.827,1.810,1.785,1.752,1.715,1.680,1.650,1.628,1.614,1.609,1.610,1.615,1.621,1.626,1.626,1.621,1.610,1.592,1.570,1.545,1.520,1.498,1.480,1.467,1.459,,
Curacao,CUW,"Fertility rate, total (births per woman)",SP.DYN.TFRT.IN,,,,,,,,,,,,,,,,,,,,,,,,,,,,,,,,,,,,,,,,,,,,,,,2.100,2.000,2.200,2.100,2.200,,,
Cayman Islands,CYM,"Fertility rate, total (births per woman)",SP.DYN.TFRT.IN,,,,,,,,,,,,,,,,,,,,,,,,,,,,,,,,,,,,,,,,,,,,,,,,,,,,,,
Cyprus,CYP,"Fertility rate, total (births per woman)",SP.DYN.TFRT.IN,3.500,3.471,3.421,3.346,3.249,3.133,3.010,2.889,2.779,2.686,2.610,2.547,2.491,2.440,2.393,2.352,2.323,2.310,2.312,2.328,2.354,2.385,2.415,2.438,2.453,2.458,2.456,2.450,2.442,2.430,2.411,2.381,2.337,2.278,2.206,2.124,2.035,1.945,1.860,1.781,1.714,1.658,1.613,1.577,1.549,1.529,1.514,1.503,1.493,1.485,1.478,1.470,,
Czech Republic,CZE,"Fertility rate, total (births per woman)",SP.DYN.TFRT.IN,2.075,2.110,2.120,2.310,2.340,2.165,2.020,1.900,1.840,1.870,1.929,1.990,2.090,2.310,2.460,2.430,2.390,2.340,2.330,2.270,2.070,2.000,2.020,1.970,1.970,1.950,1.940,1.910,1.940,1.874,1.893,1.860,1.720,1.670,1.440,1.278,1.185,1.170,1.160,1.130,1.140,1.140,1.170,1.180,1.230,1.280,1.330,1.440,1.500,1.490,1.490,1.430,,
Germany,DEU,"Fertility rate, total (births per woman)",SP.DYN.TFRT.IN,2.370,2.450,2.440,2.510,2.540,2.500,2.530,2.480,2.380,2.210,2.030,1.920,1.710,1.540,1.510,1.450,1.450,1.400,1.380,1.380,1.440,1.430,1.410,1.330,1.290,1.370,1.430,1.430,1.460,1.420,1.450,1.330,1.290,1.280,1.240,1.250,1.300,1.350,1.360,1.360,1.380,1.350,1.340,1.340,1.360,1.340,1.330,1.370,1.380,1.360,1.390,1.360,,
Djibouti,DJI,"Fertility rate, total (births per woman)",SP.DYN.TFRT.IN,6.461,6.493,6.527,6.561,6.595,6.629,6.665,6.702,6.739,6.774,6.804,6.826,6.836,6.834,6.817,6.784,6.734,6.671,6.598,6.520,6.443,6.373,6.316,6.271,6.239,6.218,6.205,6.193,6.174,6.142,6.087,6.000,5.879,5.727,5.548,5.352,5.148,4.950,4.768,4.607,4.469,4.353,4.253,4.160,4.074,3.991,3.911,3.832,3.755,3.679,3.604,3.530,,
Dominica,DMA,"Fertility rate, total (births per woman)",SP.DYN.TFRT.IN,,,,,,,,,,,,,5.500,,,,,,,,,,3.520,,,,,3.000,,,,,2.500,,,,,1.900,,,,,1.900,1.900,,,,,,,,,,
Denmark,DNK,"Fertility rate, total (births per woman)",SP.DYN.TFRT.IN,2.570,2.547,2.544,2.642,2.602,2.610,2.615,2.350,2.117,2.000,1.950,2.043,2.029,1.917,1.897,1.919,1.747,1.660,1.668,1.602,1.546,1.437,1.427,1.377,1.400,1.447,1.480,1.500,1.560,1.620,1.670,1.680,1.760,1.750,1.806,1.807,1.747,1.752,1.720,1.730,1.770,1.740,1.720,1.760,1.780,1.800,1.850,1.840,1.890,1.840,1.870,1.750,,
Dominican Republic,DOM,"Fertility rate, total (births per woman)",SP.DYN.TFRT.IN,7.555,7.488,7.404,7.304,7.187,7.054,6.904,6.739,6.562,6.376,6.182,5.983,5.782,5.580,5.383,5.193,5.014,4.848,4.693,4.552,4.422,4.302,4.190,4.082,3.978,3.878,3.783,3.695,3.613,3.537,3.466,3.397,3.330,3.262,3.195,3.130,3.069,3.014,2.966,2.926,2.892,2.863,2.836,2.809,2.781,2.751,2.719,2.686,2.652,2.618,2.584,2.551,,
Algeria,DZA,"Fertility rate, total (births per woman)",SP.DYN.TFRT.IN,7.648,7.649,7.650,7.652,7.653,7.655,7.657,7.658,7.657,7.652,7.641,7.622,7.591,7.548,7.492,7.422,7.339,7.244,7.138,7.021,6.889,6.741,6.576,6.392,6.192,5.976,5.747,5.508,5.263,5.014,4.761,4.503,4.238,3.971,3.705,3.449,3.207,2.987,2.794,2.634,2.514,2.439,2.407,2.412,2.448,2.507,2.580,2.656,2.725,2.781,2.817,2.829,,
Ecuador,ECU,"Fertility rate, total (births per woman)",SP.DYN.TFRT.IN,6.689,6.672,6.651,6.623,6.589,6.545,6.488,6.418,6.335,6.238,6.128,6.005,5.874,5.736,5.593,5.449,5.304,5.159,5.015,4.875,4.742,4.618,4.505,4.401,4.306,4.217,4.131,4.044,3.955,3.861,3.765,3.669,3.576,3.488,3.407,3.335,3.270,3.213,3.161,3.113,3.068,3.025,2.983,2.940,2.897,2.853,2.810,2.768,2.728,2.690,2.655,2.622,,
"Egypt, Arab Rep.",EGY,"Fertility rate, total (births per woman)",SP.DYN.TFRT.IN,6.630,6.605,6.570,6.526,6.471,6.405,6.327,6.238,6.141,6.040,5.940,5.846,5.763,5.692,5.633,5.585,5.545,5.507,5.465,5.418,5.366,5.310,5.251,5.189,5.123,5.045,4.947,4.827,4.684,4.522,4.350,4.179,4.018,3.876,3.757,3.659,3.579,3.508,3.440,3.372,3.306,3.242,3.184,3.134,3.091,3.053,3.020,2.987,2.954,2.919,2.883,2.845,,
Eritrea,ERI,"Fertility rate, total (births per woman)",SP.DYN.TFRT.IN,6.899,6.868,6.837,6.806,6.778,6.752,6.728,6.706,6.686,6.667,6.650,6.637,6.626,6.619,6.615,6.614,6.616,6.619,6.623,6.627,6.628,6.625,6.618,6.607,6.591,6.572,6.553,6.535,6.519,6.504,6.488,6.467,6.438,6.400,6.351,6.293,6.228,6.159,6.088,6.015,5.940,5.860,5.774,5.681,5.582,5.478,5.372,5.266,5.163,5.063,4.968,4.875,,
Spain,ESP,"Fertility rate, total (births per woman)",SP.DYN.TFRT.IN,2.862,2.765,2.796,2.875,3.011,2.937,2.912,2.939,2.870,2.858,2.836,2.859,2.842,2.823,2.866,2.788,2.786,2.649,2.524,2.341,2.217,2.031,1.936,1.792,1.720,1.630,1.600,1.470,1.420,1.360,1.330,1.310,1.320,1.270,1.200,1.180,1.150,1.150,1.160,1.190,1.230,1.240,1.260,1.310,1.320,1.340,1.370,1.390,1.460,1.390,1.380,1.360,,
Estonia,EST,"Fertility rate, total (births per woman)",SP.DYN.TFRT.IN,1.960,1.970,1.960,1.940,1.940,1.930,1.920,1.950,2.030,2.110,2.160,2.180,2.160,2.130,2.100,2.080,2.090,2.080,2.040,2.009,2.020,2.070,2.080,2.160,2.170,2.120,2.170,2.260,2.260,2.210,2.040,1.770,1.690,1.450,1.370,1.320,1.335,1.240,1.280,1.320,1.380,1.340,1.370,1.370,1.470,1.500,1.550,1.630,1.650,1.620,1.630,1.520,,
Ethiopia,ETH,"Fertility rate, total (births per woman)",SP.DYN.TFRT.IN,6.880,6.877,6.875,6.872,6.867,6.864,6.867,6.880,6.903,6.937,6.978,7.020,7.060,7.094,7.121,7.143,7.167,7.195,7.230,7.271,7.316,7.360,7.397,7.424,7.437,7.435,7.418,7.387,7.347,7.298,7.246,7.193,7.143,7.094,7.046,6.995,6.935,6.861,6.769,6.659,6.529,6.380,6.218,6.046,5.870,5.693,5.520,5.353,5.193,5.043,4.902,4.769,,
Finland,FIN,"Fertility rate, total (births per woman)",SP.DYN.TFRT.IN,2.714,2.689,2.637,2.637,2.533,2.398,2.324,2.240,2.068,1.851,1.828,1.703,1.593,1.504,1.625,1.688,1.720,1.690,1.652,1.642,1.630,1.650,1.720,1.740,1.700,1.640,1.600,1.590,1.700,1.710,1.780,1.800,1.850,1.810,1.850,1.810,1.760,1.750,1.700,1.730,1.730,1.730,1.720,1.760,1.800,1.800,1.840,1.830,1.850,1.860,1.870,1.830,,
Fiji,FJI,"Fertility rate, total (births per woman)",SP.DYN.TFRT.IN,6.461,6.281,6.085,5.881,5.676,5.475,5.278,5.083,4.892,4.710,4.543,4.397,4.275,4.178,4.106,4.054,4.018,3.992,3.968,3.941,3.907,3.864,3.813,3.755,3.693,3.629,3.568,3.512,3.465,3.427,3.398,3.374,3.352,3.330,3.305,3.276,3.244,3.209,3.171,3.132,3.090,3.046,3.001,2.954,2.907,2.860,2.816,2.774,2.736,2.701,2.670,2.641,,
France,FRA,"Fertility rate, total (births per woman)",SP.DYN.TFRT.IN,2.850,2.870,2.890,2.890,2.870,2.840,2.800,2.750,2.690,2.620,2.550,2.470,2.380,2.280,2.180,2.090,2.010,1.940,1.890,1.870,1.850,1.850,1.860,1.860,1.860,1.860,1.850,1.830,1.810,1.790,1.770,1.750,1.740,1.730,1.730,1.740,1.750,1.770,1.780,1.810,1.890,1.900,1.880,1.890,1.920,1.940,2.000,1.980,2.010,2.000,2.030,2.030,,
Faeroe Islands,FRO,"Fertility rate, total (births per woman)",SP.DYN.TFRT.IN,,,,,,,,,,,,,,,,,,,,,,,,,,,,,,,,,,,,,,,,,,,,,,,,,,,,,,
"Micronesia, Fed. Sts.",FSM,"Fertility rate, total (births per woman)",SP.DYN.TFRT.IN,6.934,6.917,6.905,6.897,6.893,6.894,6.900,6.911,6.924,6.935,6.938,6.925,6.894,6.842,6.770,6.682,6.586,6.490,6.398,6.311,6.223,6.129,6.020,5.894,5.752,5.600,5.446,5.299,5.167,5.052,4.958,4.882,4.820,4.766,4.716,4.664,4.608,4.544,4.471,4.390,4.300,4.204,4.105,4.007,3.912,3.823,3.739,3.661,3.589,3.522,3.460,3.402,,
Gabon,GAB,"Fertility rate, total (births per woman)",SP.DYN.TFRT.IN,4.384,4.462,4.541,4.619,4.694,4.766,4.834,4.899,4.961,5.021,5.081,5.143,5.208,5.275,5.343,5.412,5.480,5.543,5.600,5.648,5.684,5.709,5.722,5.723,5.712,5.689,5.654,5.609,5.554,5.491,5.421,5.343,5.259,5.170,5.078,4.987,4.898,4.814,4.735,4.664,4.600,4.544,4.494,4.449,4.408,4.370,4.335,4.304,4.275,4.246,4.214,4.178,,
United Kingdom,GBR,"Fertility rate, total (births per woman)",SP.DYN.TFRT.IN,2.692,2.784,2.859,2.881,2.934,2.863,2.783,2.679,2.604,2.507,2.437,2.408,2.204,2.036,1.920,1.810,1.740,1.690,1.750,1.860,1.890,1.810,1.780,1.770,1.770,1.800,1.780,1.820,1.830,1.800,1.830,1.820,1.790,1.820,1.740,1.710,1.720,1.720,1.710,1.680,1.640,1.630,1.640,1.710,1.770,1.780,1.840,1.900,1.960,1.940,1.980,1.980,,
Georgia,GEO,"Fertility rate, total (births per woman)",SP.DYN.TFRT.IN,2.964,2.965,2.950,2.915,2.864,2.801,2.737,2.680,2.637,2.609,2.595,2.588,2.579,2.563,2.537,2.502,2.461,2.419,2.379,2.343,2.315,2.296,2.284,2.277,2.275,2.273,2.269,2.260,2.243,2.217,2.180,2.132,2.076,2.013,1.946,1.879,1.812,1.749,1.692,1.643,1.609,1.592,1.593,1.609,1.639,1.678,1.719,1.758,1.788,1.809,1.820,1.822,,
Ghana,GHA,"Fertility rate, total (births per woman)",SP.DYN.TFRT.IN,6.749,6.789,6.827,6.862,6.893,6.918,6.937,6.950,6.957,6.957,6.950,6.936,6.915,6.888,6.855,6.815,6.771,6.721,6.665,6.605,6.539,6.468,6.392,6.310,6.223,6.131,6.035,5.935,5.831,5.725,5.616,5.505,5.392,5.278,5.165,5.058,4.959,4.870,4.793,4.727,4.669,4.617,4.566,4.512,4.455,4.392,4.326,4.257,4.188,4.119,4.052,3.985,,
Guinea,GIN,"Fertility rate, total (births per woman)",SP.DYN.TFRT.IN,6.102,6.113,6.121,6.127,6.131,6.135,6.140,6.147,6.158,6.174,6.195,6.221,6.250,6.283,6.318,6.354,6.391,6.428,6.465,6.500,6.533,6.563,6.590,6.613,6.630,6.641,6.645,6.641,6.629,6.608,6.579,6.539,6.492,6.436,6.375,6.308,6.237,6.163,6.089,6.014,5.939,5.866,5.794,5.722,5.649,5.576,5.501,5.423,5.343,5.260,5.174,5.088,,
"Gambia, The",GMB,"Fertility rate, total (births per woman)",SP.DYN.TFRT.IN,5.573,5.621,5.672,5.723,5.776,5.830,5.884,5.938,5.991,6.043,6.093,6.141,6.185,6.226,6.262,6.293,6.316,6.333,6.342,6.343,6.337,6.323,6.303,6.277,6.248,6.219,6.190,6.164,6.141,6.123,6.107,6.095,6.083,6.070,6.056,6.039,6.018,5.995,5.970,5.944,5.917,5.891,5.867,5.845,5.827,5.812,5.803,5.799,5.798,5.798,5.796,5.789,,
Guinea-Bissau,GNB,"Fertility rate, total (births per woman)",SP.DYN.TFRT.IN,5.828,5.771,5.670,5.515,5.320,5.139,5.045,5.091,5.296,5.643,6.071,6.489,6.812,6.984,6.993,6.866,6.662,6.463,6.330,6.283,6.322,6.423,6.542,6.642,6.710,6.743,6.743,6.728,6.706,6.680,6.649,6.608,6.554,6.486,6.404,6.311,6.214,6.115,6.019,5.929,5.845,5.766,5.690,5.614,5.539,5.463,5.389,5.317,5.247,5.180,5.115,5.052,,
Equatorial Guinea,GNQ,"Fertility rate, total (births per woman)",SP.DYN.TFRT.IN,5.505,5.515,5.529,5.548,5.570,5.595,5.619,5.640,5.658,5.671,5.678,5.681,5.680,5.677,5.675,5.674,5.676,5.682,5.693,5.708,5.728,5.751,5.776,5.802,5.826,5.848,5.866,5.881,5.891,5.897,5.900,5.901,5.902,5.902,5.901,5.897,5.888,5.872,5.847,5.814,5.773,5.727,5.678,5.627,5.574,5.518,5.457,5.390,5.314,5.231,5.140,5.044,,
Greece,GRC,"Fertility rate, total (births per woman)",SP.DYN.TFRT.IN,2.277,2.189,2.234,2.215,2.312,2.297,2.376,2.549,2.559,2.480,2.337,2.295,2.315,2.280,2.390,2.365,2.385,2.266,2.274,2.261,2.226,2.091,2.024,1.940,1.823,1.677,1.615,1.500,1.500,1.410,1.400,1.380,1.380,1.340,1.360,1.320,1.300,1.310,1.260,1.240,1.260,1.250,1.270,1.280,1.300,1.330,1.400,1.410,1.510,1.520,1.510,1.430,,
Grenada,GRD,"Fertility rate, total (births per woman)",SP.DYN.TFRT.IN,6.743,6.627,6.442,6.196,5.906,5.597,5.300,5.040,4.835,4.690,4.604,4.561,4.537,4.512,4.479,4.436,4.385,4.337,4.299,4.269,4.251,4.244,4.243,4.245,4.243,4.231,4.200,4.146,4.068,3.966,3.842,3.701,3.551,3.401,3.254,3.116,2.988,2.870,2.762,2.666,2.582,2.512,2.455,2.409,2.373,2.344,2.321,2.301,2.282,2.262,2.240,2.217,,
Greenland,GRL,"Fertility rate, total (births per woman)",SP.DYN.TFRT.IN,,,,,,,,,,,,,,,,,,,,,,,,,,,,,,,2.440,2.410,2.530,2.570,2.470,2.530,2.490,2.683,2.390,2.340,2.308,2.451,2.489,2.361,2.420,2.300,2.260,2.230,2.247,2.359,2.200,2.100,,
Guatemala,GTM,"Fertility rate, total (births per woman)",SP.DYN.TFRT.IN,6.534,6.512,6.490,6.464,6.434,6.399,6.360,6.323,6.288,6.259,6.235,6.219,6.208,6.203,6.201,6.201,6.203,6.204,6.203,6.196,6.180,6.152,6.109,6.054,5.987,5.913,5.837,5.764,5.697,5.636,5.580,5.525,5.465,5.397,5.320,5.237,5.148,5.058,4.970,4.884,4.801,4.718,4.634,4.547,4.459,4.371,4.283,4.199,4.119,4.044,3.974,3.908,,
Guam,GUM,"Fertility rate, total (births per woman)",SP.DYN.TFRT.IN,6.052,6.048,5.984,5.857,5.670,5.439,5.187,4.939,4.716,4.526,4.372,4.248,4.137,4.028,3.917,3.801,3.681,3.561,3.447,3.340,3.248,3.177,3.128,3.100,3.092,3.095,3.099,3.097,3.082,3.053,3.013,2.969,2.929,2.899,2.881,2.872,2.870,2.867,2.860,2.846,2.824,2.794,2.759,2.720,2.679,2.638,2.599,2.562,2.529,2.499,2.472,2.448,,
Guyana,GUY,"Fertility rate, total (births per woman)",SP.DYN.TFRT.IN,5.671,5.578,5.485,5.401,5.329,5.272,5.228,5.190,5.152,5.112,5.068,5.022,4.974,4.919,4.852,4.758,4.621,4.435,4.204,3.935,3.646,3.360,3.099,2.881,2.714,2.600,2.534,2.499,2.480,2.471,2.467,2.465,2.467,2.473,2.482,2.493,2.505,2.521,2.540,2.561,2.585,2.614,2.645,2.678,2.709,2.735,2.751,2.754,2.743,2.718,2.682,2.638,,
"Hong Kong SAR, China",HKG,"Fertility rate, total (births per woman)",SP.DYN.TFRT.IN,5.162,5.213,5.180,5.051,4.833,4.551,4.246,3.959,3.722,3.545,3.421,3.459,3.315,3.177,2.967,2.666,2.480,2.376,2.272,2.120,2.047,1.933,1.860,1.722,1.559,1.491,1.367,1.311,1.400,1.296,1.272,1.281,1.347,1.342,1.355,1.295,1.191,1.127,1.017,0.982,1.035,0.932,0.939,0.901,0.927,0.966,0.984,1.028,1.064,1.055,1.127,1.204,,
Honduras,HND,"Fertility rate, total (births per woman)",SP.DYN.TFRT.IN,7.458,7.448,7.443,7.441,7.443,7.442,7.435,7.417,7.383,7.334,7.270,7.195,7.111,7.025,6.935,6.844,6.749,6.649,6.543,6.431,6.313,6.190,6.062,5.932,5.802,5.675,5.554,5.441,5.335,5.236,5.142,5.048,4.950,4.846,4.735,4.617,4.493,4.366,4.239,4.116,3.996,3.883,3.775,3.674,3.579,3.492,3.413,3.340,3.273,3.212,3.154,3.101,,
Croatia,HRV,"Fertility rate, total (births per woman)",SP.DYN.TFRT.IN,2.332,2.302,2.273,2.243,2.211,2.177,2.141,2.104,2.068,2.035,2.007,1.987,1.975,1.972,1.976,1.985,1.996,2.005,2.010,2.010,2.004,1.993,1.900,1.880,1.870,1.820,1.760,1.640,1.790,1.630,1.630,1.530,1.480,1.520,1.470,1.580,1.670,1.690,1.450,1.380,1.390,1.380,1.340,1.330,1.350,1.410,1.380,1.400,1.470,1.500,1.460,1.460,,
Haiti,HTI,"Fertility rate, total (births per woman)",SP.DYN.TFRT.IN,6.324,6.318,6.302,6.274,6.233,6.179,6.109,6.026,5.937,5.847,5.762,5.693,5.643,5.616,5.615,5.642,5.699,5.779,5.872,5.970,6.058,6.122,6.154,6.149,6.106,6.028,5.921,5.799,5.673,5.549,5.430,5.318,5.210,5.103,4.997,4.889,4.779,4.665,4.547,4.426,4.303,4.182,4.065,3.953,3.849,3.753,3.664,3.580,3.500,3.424,3.350,3.280,,
Hungary,HUN,"Fertility rate, total (births per woman)",SP.DYN.TFRT.IN,2.019,1.941,1.790,1.810,1.820,1.820,1.890,2.010,2.060,2.029,1.970,1.915,1.931,1.930,2.270,2.350,2.230,2.150,2.070,2.010,1.910,1.877,1.920,1.730,1.730,1.830,1.830,1.810,1.790,1.780,1.840,1.860,1.770,1.690,1.640,1.570,1.460,1.380,1.320,1.280,1.320,1.310,1.300,1.270,1.280,1.310,1.340,1.320,1.350,1.320,1.250,1.230,,
Indonesia,IDN,"Fertility rate, total (births per woman)",SP.DYN.TFRT.IN,5.666,5.656,5.645,5.634,5.623,5.612,5.599,5.582,5.556,5.521,5.474,5.413,5.338,5.251,5.152,5.043,4.927,4.806,4.682,4.557,4.430,4.301,4.167,4.028,3.887,3.745,3.606,3.472,3.346,3.229,3.122,3.023,2.931,2.844,2.764,2.691,2.628,2.575,2.534,2.503,2.484,2.475,2.474,2.479,2.486,2.493,2.495,2.490,2.479,2.460,2.434,2.403,,
Isle of Man,IMN,"Fertility rate, total (births per woman)",SP.DYN.TFRT.IN,,2.707,,,,,,,,,,,,,,,,,,,,,,,,,,,,,,,,,1.800,,,,,,,,1.650,,,,,,,,,,,
India,IND,"Fertility rate, total (births per woman)",SP.DYN.TFRT.IN,5.870,5.856,5.842,5.826,5.807,5.781,5.747,5.701,5.642,5.573,5.494,5.410,5.323,5.238,5.156,5.077,5.000,4.922,4.843,4.762,4.679,4.597,4.515,4.436,4.358,4.281,4.203,4.125,4.044,3.961,3.878,3.793,3.709,3.628,3.549,3.473,3.402,3.334,3.269,3.207,3.145,3.083,3.018,2.952,2.884,2.817,2.753,2.694,2.643,2.600,2.563,2.532,,
Ireland,IRL,"Fertility rate, total (births per woman)",SP.DYN.TFRT.IN,3.760,3.791,3.921,4.010,4.065,4.031,3.954,3.842,3.778,3.845,3.930,3.975,3.874,3.740,3.617,3.396,3.312,3.269,3.240,3.229,3.229,3.070,2.957,2.759,2.589,2.500,2.450,2.310,2.170,2.080,2.120,2.090,2.020,1.930,1.860,1.870,1.910,1.920,1.940,1.900,1.890,1.940,1.970,1.960,1.940,1.870,1.930,2.010,2.100,2.070,2.070,2.050,,
"Iran, Islamic Rep.",IRN,"Fertility rate, total (births per woman)",SP.DYN.TFRT.IN,6.927,6.924,6.914,6.896,6.868,6.827,6.770,6.699,6.617,6.528,6.440,6.359,6.292,6.243,6.214,6.212,6.238,6.289,6.354,6.422,6.481,6.516,6.515,6.470,6.374,6.223,6.015,5.759,5.468,5.152,4.819,4.478,4.137,3.806,3.492,3.204,2.946,2.716,2.512,2.337,2.193,2.079,1.994,1.934,1.895,1.873,1.866,1.870,1.880,1.893,1.904,1.912,,
Iraq,IRQ,"Fertility rate, total (births per woman)",SP.DYN.TFRT.IN,6.252,6.364,6.514,6.689,6.872,7.044,7.188,7.295,7.362,7.383,7.362,7.308,7.234,7.153,7.072,6.993,6.915,6.834,6.748,6.658,6.569,6.485,6.407,6.338,6.276,6.220,6.164,6.105,6.039,5.965,5.882,5.792,5.699,5.605,5.510,5.417,5.324,5.233,5.142,5.053,4.965,4.879,4.795,4.713,4.634,4.557,4.483,4.412,4.343,4.276,4.211,4.147,,
Iceland,ISL,"Fertility rate, total (births per woman)",SP.DYN.TFRT.IN,4.294,3.884,3.983,3.980,3.858,3.713,3.578,3.282,3.061,2.988,2.793,2.875,3.088,2.948,2.660,2.613,2.529,2.319,2.355,2.490,2.480,2.330,2.260,2.240,2.080,1.930,1.930,2.050,2.200,2.200,2.310,2.190,2.210,2.220,2.140,2.080,2.120,2.040,2.050,1.990,2.080,1.950,1.930,1.990,2.040,2.050,2.080,2.090,2.150,2.230,2.200,2.020,,
Israel,ISR,"Fertility rate, total (births per woman)",SP.DYN.TFRT.IN,3.866,3.858,3.850,3.838,3.826,3.814,3.802,3.790,3.786,3.782,3.778,3.774,3.770,3.698,3.626,3.554,3.482,3.410,3.354,3.298,3.242,3.186,3.130,3.106,3.082,3.058,3.034,3.010,2.948,2.886,2.824,2.762,2.700,2.800,2.900,2.900,2.900,2.940,2.980,2.965,2.950,2.920,2.890,2.950,2.900,2.840,2.880,2.900,2.960,2.960,3.030,3.000,,
Italy,ITA,"Fertility rate, total (births per woman)",SP.DYN.TFRT.IN,2.406,2.407,2.463,2.547,2.701,2.665,2.625,2.535,2.493,2.508,2.425,2.411,2.359,2.339,2.331,2.208,2.108,1.975,1.870,1.762,1.640,1.617,1.592,1.520,1.462,1.390,1.340,1.280,1.320,1.280,1.260,1.270,1.300,1.250,1.220,1.180,1.210,1.220,1.210,1.230,1.260,1.250,1.270,1.290,1.330,1.320,1.350,1.370,1.420,1.410,1.410,1.410,,
Jamaica,JAM,"Fertility rate, total (births per woman)",SP.DYN.TFRT.IN,5.419,5.529,5.627,5.711,5.775,5.815,5.821,5.790,5.722,5.617,5.477,5.305,5.108,4.899,4.685,4.478,4.286,4.115,3.965,3.839,3.733,3.643,3.559,3.477,3.394,3.308,3.224,3.143,3.070,3.005,2.948,2.899,2.855,2.815,2.778,2.744,2.712,2.683,2.655,2.629,2.603,2.578,2.552,2.525,2.498,2.470,2.442,2.414,2.387,2.360,2.334,2.309,,
Jordan,JOR,"Fertility rate, total (births per woman)",SP.DYN.TFRT.IN,7.687,7.802,7.904,7.983,8.034,8.057,8.053,8.033,8.004,7.968,7.926,7.876,7.818,7.750,7.675,7.598,7.523,7.455,7.391,7.329,7.262,7.178,7.071,6.935,6.771,6.581,6.373,6.157,5.943,5.734,5.536,5.349,5.169,4.997,4.832,4.677,4.531,4.395,4.269,4.155,4.053,3.966,3.893,3.832,3.780,3.734,3.689,3.641,3.586,3.526,3.458,3.386,,
Japan,JPN,"Fertility rate, total (births per woman)",SP.DYN.TFRT.IN,2.001,2.050,2.010,2.020,2.050,2.139,1.580,2.020,2.130,2.130,2.135,2.160,2.140,2.140,2.050,1.909,1.850,1.800,1.790,1.770,1.750,1.740,1.770,1.800,1.810,1.760,1.720,1.690,1.660,1.570,1.540,1.530,1.502,1.458,1.500,1.422,1.425,1.388,1.384,1.342,1.359,1.330,1.320,1.290,1.290,1.260,1.320,1.340,1.370,1.370,1.390,1.390,,
Kazakhstan,KAZ,"Fertility rate, total (births per woman)",SP.DYN.TFRT.IN,4.563,4.514,4.437,4.331,4.201,4.059,3.918,3.790,3.683,3.600,3.538,3.489,3.440,3.385,3.320,3.249,3.175,3.106,3.048,3.019,2.900,2.950,3.000,3.040,3.080,3.080,3.135,3.190,3.130,2.820,2.720,2.610,2.500,2.300,2.280,2.260,2.130,2.000,1.800,1.700,1.800,1.900,2.000,2.030,2.210,2.220,2.360,2.500,2.700,2.600,2.590,2.590,,
Kenya,KEN,"Fertility rate, total (births per woman)",SP.DYN.TFRT.IN,7.946,7.998,8.042,8.078,8.103,8.119,8.126,8.125,8.117,8.103,8.081,8.051,8.012,7.963,7.905,7.840,7.769,7.695,7.618,7.538,7.455,7.366,7.270,7.165,7.049,6.918,6.769,6.602,6.422,6.231,6.037,5.847,5.668,5.506,5.366,5.251,5.165,5.102,5.059,5.030,5.012,5.001,4.990,4.976,4.955,4.923,4.879,4.824,4.761,4.691,4.616,4.538,,
Kyrgyz Republic,KGZ,"Fertility rate, total (births per woman)",SP.DYN.TFRT.IN,5.166,5.255,5.314,5.335,5.317,5.266,5.193,5.112,5.034,4.961,4.892,4.815,4.724,4.615,4.492,4.365,4.247,4.150,4.082,4.044,4.035,4.046,4.068,4.086,4.097,4.093,4.073,4.039,3.992,3.875,3.690,3.671,3.617,3.300,3.140,3.310,2.990,2.790,2.648,2.629,2.400,2.400,2.500,2.500,2.600,2.500,2.700,2.800,2.800,2.900,3.060,3.060,,
Cambodia,KHM,"Fertility rate, total (births per woman)",SP.DYN.TFRT.IN,6.967,6.964,6.955,6.937,6.909,6.868,6.815,6.749,6.672,6.583,6.475,6.338,6.173,5.988,5.795,5.622,5.498,5.441,5.459,5.545,5.685,5.850,6.008,6.130,6.200,6.210,6.160,6.065,5.941,5.792,5.623,5.438,5.240,5.033,4.825,4.620,4.423,4.236,4.059,3.896,3.750,3.619,3.504,3.401,3.310,3.230,3.162,3.102,3.051,3.007,2.966,2.929,,
Kiribati,KIR,"Fertility rate, total (births per woman)",SP.DYN.TFRT.IN,6.953,7.012,7.077,7.143,7.201,7.221,7.165,7.013,6.763,6.431,6.051,5.674,5.346,5.103,4.957,4.904,4.925,4.978,5.029,5.064,5.073,5.053,5.015,4.967,4.912,4.855,4.799,4.748,4.704,4.666,4.632,4.601,4.568,4.527,4.476,4.412,4.331,4.235,4.126,4.006,3.881,3.754,3.631,3.516,3.413,3.324,3.249,3.186,3.133,3.087,3.048,3.014,,
St. Kitts and Nevis,KNA,"Fertility rate, total (births per woman)",SP.DYN.TFRT.IN,,,,,,,,,,,,,3.500,,,,,,,,,,3.300,,,,,2.800,,,,,2.600,,,,,2.400,,,,,2.107,,,,,,,,,,,
"Korea, Rep.",KOR,"Fertility rate, total (births per woman)",SP.DYN.TFRT.IN,6.155,5.989,5.789,5.574,5.357,5.157,4.987,4.845,4.725,4.624,4.530,4.540,4.140,4.100,3.810,3.470,3.050,3.020,2.650,2.900,2.830,2.660,2.420,2.080,1.960,1.670,1.600,1.550,1.560,1.580,1.590,1.740,1.780,1.670,1.670,1.650,1.580,1.540,1.470,1.420,1.470,1.300,1.170,1.190,1.160,1.076,1.123,1.250,1.192,1.149,1.226,1.244,,
Kosovo,KSV,"Fertility rate, total (births per woman)",SP.DYN.TFRT.IN,,,,,,,,,,,,,,,,,,,,,,4.576,4.884,4.476,4.820,4.564,4.466,4.430,4.263,3.922,3.903,3.584,2.958,2.840,2.706,2.701,2.698,2.457,2.568,2.878,2.954,2.799,2.664,2.343,2.533,2.647,2.425,2.431,2.384,2.337,2.289,2.200,,
Kuwait,KWT,"Fertility rate, total (births per woman)",SP.DYN.TFRT.IN,7.251,7.279,7.312,7.348,7.381,7.407,7.419,7.413,7.383,7.327,7.241,7.124,6.978,6.809,6.622,6.427,6.234,6.050,5.874,5.703,5.524,5.319,5.075,4.786,4.456,4.092,3.704,3.313,2.944,2.615,2.358,2.200,2.144,2.182,2.300,2.467,2.642,2.788,2.878,2.903,2.869,2.796,2.718,2.660,2.630,2.628,2.645,2.667,2.681,2.683,2.673,2.652,,
Lao PDR,LAO,"Fertility rate, total (births per woman)",SP.DYN.TFRT.IN,5.961,5.964,5.966,5.969,5.971,5.973,5.974,5.973,5.973,5.972,5.974,5.979,5.990,6.006,6.029,6.059,6.096,6.139,6.186,6.233,6.277,6.315,6.345,6.363,6.369,6.361,6.342,6.313,6.274,6.222,6.152,6.057,5.934,5.782,5.603,5.398,5.168,4.922,4.669,4.420,4.190,3.991,3.829,3.706,3.619,3.562,3.520,3.481,3.432,3.368,3.290,3.200,,
Lebanon,LBN,"Fertility rate, total (births per woman)",SP.DYN.TFRT.IN,5.739,5.724,5.694,5.647,5.583,5.501,5.403,5.295,5.181,5.064,4.948,4.836,4.730,4.629,4.534,4.444,4.357,4.271,4.182,4.092,3.997,3.898,3.796,3.692,3.587,3.482,3.379,3.279,3.182,3.090,3.002,2.919,2.841,2.765,2.691,2.617,2.543,2.468,2.390,2.310,2.226,2.137,2.044,1.948,1.854,1.765,1.686,1.621,1.570,1.535,1.513,1.502,,
Liberia,LBR,"Fertility rate, total (births per woman)",SP.DYN.TFRT.IN,6.406,6.429,6.453,6.476,6.500,6.524,6.552,6.583,6.617,6.655,6.695,6.736,6.777,6.815,6.849,6.880,6.907,6.930,6.950,6.964,6.973,6.973,6.964,6.946,6.917,6.875,6.820,6.752,6.673,6.587,6.499,6.414,6.336,6.267,6.208,6.156,6.109,6.061,6.008,5.948,5.880,5.804,5.722,5.635,5.547,5.456,5.366,5.277,5.190,5.106,5.024,4.945,,
Libya,LBY,"Fertility rate, total (births per woman)",SP.DYN.TFRT.IN,7.536,7.571,7.607,7.642,7.676,7.710,7.743,7.776,7.808,7.838,7.867,7.898,7.929,7.957,7.979,7.992,7.992,7.976,7.939,7.873,7.769,7.619,7.422,7.179,6.897,6.584,6.252,5.913,5.581,5.263,4.966,4.688,4.426,4.178,3.945,3.732,3.544,3.383,3.248,3.139,3.052,2.984,2.929,2.882,2.836,2.790,2.741,2.690,2.637,2.582,2.525,2.467,,
St. Lucia,LCA,"Fertility rate, total (births per woman)",SP.DYN.TFRT.IN,6.967,6.931,6.880,6.821,6.758,6.688,6.607,6.508,6.387,6.249,6.101,5.953,5.813,5.686,5.571,5.462,5.347,5.216,5.064,4.891,4.703,4.512,4.328,4.161,4.014,3.888,3.780,3.683,3.589,3.495,3.398,3.298,3.195,3.090,2.983,2.873,2.760,2.644,2.528,2.416,2.313,2.224,2.152,2.098,2.062,2.040,2.029,2.022,2.013,2.000,1.982,1.960,,
Latin America & Caribbean (all income levels),LCN,"Fertility rate, total (births per woman)",SP.DYN.TFRT.IN,5.980,5.977,5.959,5.921,5.866,5.792,5.704,5.608,5.507,5.405,5.301,5.197,5.091,4.982,4.871,4.759,4.646,4.533,4.419,4.307,4.196,4.087,3.978,3.871,3.766,3.664,3.564,3.469,3.377,3.291,3.209,3.134,3.065,3.000,2.941,2.886,2.833,2.785,2.738,2.692,2.646,2.597,2.549,2.500,2.452,2.405,2.361,2.320,2.285,2.254,2.228,2.205,,
Liechtenstein,LIE,"Fertility rate, total (births per woman)",SP.DYN.TFRT.IN,,,,,,,,,,,,,,,,,,,,,,,,,,,,,,,,,,,,,,,,,1.570,1.520,1.470,1.360,1.440,1.490,1.430,1.420,1.430,1.710,1.400,1.690,,
Sri Lanka,LKA,"Fertility rate, total (births per woman)",SP.DYN.TFRT.IN,5.541,5.421,5.299,5.180,5.067,4.959,4.849,4.734,4.609,4.477,4.342,4.208,4.083,3.970,3.870,3.783,3.705,3.633,3.562,3.488,3.408,3.319,3.223,3.120,3.012,2.904,2.800,2.703,2.617,2.544,2.483,2.433,2.390,2.353,2.320,2.291,2.268,2.251,2.240,2.236,2.237,2.243,2.252,2.263,2.274,2.286,2.298,2.311,2.323,2.335,2.343,2.347,,
Lesotho,LSO,"Fertility rate, total (births per woman)",SP.DYN.TFRT.IN,5.839,5.829,5.820,5.812,5.806,5.802,5.801,5.803,5.805,5.807,5.808,5.807,5.802,5.794,5.780,5.761,5.736,5.706,5.672,5.633,5.589,5.542,5.491,5.436,5.377,5.313,5.244,5.169,5.088,5.004,4.919,4.837,4.759,4.686,4.617,4.548,4.475,4.394,4.302,4.200,4.089,3.975,3.862,3.754,3.654,3.562,3.480,3.405,3.335,3.269,3.207,3.148,,
Lithuania,LTU,"Fertility rate, total (births per woman)",SP.DYN.TFRT.IN,2.560,2.530,2.450,2.350,2.280,2.230,2.220,2.230,2.240,2.300,2.370,2.380,2.330,2.250,2.210,2.190,2.170,2.130,2.090,2.040,2.030,1.980,1.990,2.040,2.090,2.100,2.140,2.160,2.090,1.980,2.030,1.970,1.890,1.670,1.570,1.550,1.490,1.470,1.460,1.460,1.390,1.300,1.240,1.260,1.260,1.270,1.310,1.350,1.470,1.550,1.550,1.760,,
Luxembourg,LUX,"Fertility rate, total (births per woman)",SP.DYN.TFRT.IN,2.280,,2.369,,2.340,2.420,2.340,2.240,2.120,2.020,1.980,1.920,1.720,1.520,1.550,1.550,,1.450,1.490,1.480,1.500,1.550,1.490,1.440,1.430,1.380,1.440,1.400,1.510,1.520,1.620,1.600,1.670,1.690,1.720,1.680,1.760,1.710,1.680,1.740,1.760,1.660,1.630,1.620,1.660,1.630,1.650,1.610,1.610,1.590,1.630,1.520,,
Latvia,LVA,"Fertility rate, total (births per woman)",SP.DYN.TFRT.IN,1.940,1.940,1.910,1.850,1.790,1.740,1.760,1.800,1.830,1.880,1.960,2.000,2.000,1.980,1.970,1.960,1.930,1.890,1.870,1.870,1.860,1.880,1.970,2.070,2.090,2.080,2.120,2.150,2.110,2.050,2.020,1.860,1.730,1.510,1.390,1.250,1.160,1.110,1.090,1.160,1.240,1.210,1.230,1.290,1.240,1.310,1.350,1.410,1.440,1.310,1.170,1.340,,
"Macao SAR, China",MAC,"Fertility rate, total (births per woman)",SP.DYN.TFRT.IN,4.945,4.763,4.525,4.242,3.926,3.594,3.261,2.942,2.647,2.388,2.166,1.980,1.821,1.683,1.568,1.484,1.440,1.441,1.485,1.563,1.665,1.777,1.882,1.966,2.021,2.040,2.019,1.966,1.891,1.798,1.694,1.589,1.487,1.394,1.312,1.242,1.179,1.119,1.057,0.996,0.939,0.891,0.856,0.838,0.836,0.849,0.874,0.906,0.939,0.973,1.003,1.031,,
St. Martin (French part),MAF,"Fertility rate, total (births per woman)",SP.DYN.TFRT.IN,,,,,,,,,,,,,,,,,,,,,,,2.400,2.400,2.300,2.200,2.100,2.100,2.100,2.200,2.100,2.100,1.900,1.800,1.800,1.800,1.800,1.800,1.800,1.800,1.800,1.800,1.800,1.800,1.800,1.800,1.800,1.800,1.800,1.800,1.800,1.800,,
Morocco,MAR,"Fertility rate, total (births per woman)",SP.DYN.TFRT.IN,7.065,7.106,7.131,7.135,7.119,7.081,7.024,6.953,6.871,6.781,6.687,6.588,6.485,6.380,6.273,6.168,6.067,5.970,5.876,5.782,5.682,5.570,5.439,5.290,5.123,4.942,4.754,4.567,4.387,4.217,4.058,3.905,3.755,3.606,3.457,3.310,3.167,3.033,2.909,2.797,2.698,2.611,2.535,2.470,2.418,2.385,2.377,2.398,2.443,2.509,2.583,2.652,,
Monaco,MCO,"Fertility rate, total (births per woman)",SP.DYN.TFRT.IN,,,,,,,,,,,,,,,,,,,,,,,,,,,,,,,,,,,,,,,,,,,,,,,,,,,,,,
Moldova,MDA,"Fertility rate, total (births per woman)",SP.DYN.TFRT.IN,3.328,3.259,3.178,3.086,2.989,2.891,2.801,2.722,2.660,2.613,2.582,2.560,2.542,2.523,2.503,2.483,2.465,2.455,2.454,2.462,2.481,2.510,2.546,2.585,2.620,2.643,2.646,2.625,2.578,2.506,2.413,2.305,2.191,2.079,1.975,1.882,1.801,1.730,1.667,1.613,1.568,1.535,1.511,1.497,1.489,1.487,1.487,1.488,1.487,1.483,1.477,1.469,,
Madagascar,MDG,"Fertility rate, total (births per woman)",SP.DYN.TFRT.IN,7.300,7.300,7.300,7.300,7.300,7.301,7.304,7.310,7.316,7.322,7.325,7.325,7.318,7.300,7.269,7.216,7.129,7.008,6.857,6.687,6.514,6.359,6.240,6.165,6.135,6.146,6.182,6.225,6.256,6.268,6.258,6.225,6.179,6.126,6.066,5.999,5.924,5.841,5.749,5.651,5.548,5.443,5.337,5.233,5.133,5.039,4.952,4.870,4.794,4.722,4.654,4.590,,
Maldives,MDV,"Fertility rate, total (births per woman)",SP.DYN.TFRT.IN,7.021,7.075,7.118,7.152,7.179,7.201,7.218,7.231,7.237,7.237,7.227,7.201,7.159,7.103,7.040,6.981,6.941,6.931,6.953,7.002,7.071,7.146,7.210,7.245,7.240,7.183,7.064,6.888,6.664,6.397,6.099,5.783,5.461,5.146,4.845,4.560,4.289,4.024,3.763,3.510,3.271,3.055,2.869,2.715,2.596,2.508,2.449,2.410,2.382,2.360,2.339,2.314,,
Mexico,MEX,"Fertility rate, total (births per woman)",SP.DYN.TFRT.IN,6.783,6.776,6.771,6.768,6.767,6.769,6.773,6.777,6.775,6.760,6.720,6.643,6.525,6.364,6.164,5.932,5.679,5.418,5.163,4.924,4.705,4.510,4.334,4.174,4.029,3.898,3.778,3.669,3.566,3.468,3.375,3.285,3.199,3.117,3.040,2.966,2.896,2.831,2.770,2.712,2.659,2.610,2.565,2.523,2.484,2.448,2.413,2.379,2.346,2.313,2.281,2.248,,
Marshall Islands,MHL,"Fertility rate, total (births per woman)",SP.DYN.TFRT.IN,,,,,,,,,,,,,,,,,,,,,,,,,,,,5.900,,,,,,,,,,,,5.710,,,,,,4.500,4.500,4.500,,,,,,
"Macedonia, FYR",MKD,"Fertility rate, total (births per woman)",SP.DYN.TFRT.IN,3.720,3.666,3.602,3.528,3.446,3.358,3.270,3.185,3.108,3.039,2.980,2.928,2.880,2.834,2.789,2.745,2.703,2.665,2.629,2.597,2.567,2.537,2.507,2.474,2.440,2.404,2.369,2.336,2.305,2.275,2.244,2.208,2.164,2.113,2.054,1.989,1.920,1.852,1.788,1.729,1.678,1.635,1.598,1.567,1.540,1.519,1.501,1.486,1.473,1.462,1.452,1.443,,
Mali,MLI,"Fertility rate, total (births per woman)",SP.DYN.TFRT.IN,6.703,6.725,6.747,6.770,6.793,6.816,6.838,6.858,6.875,6.889,6.901,6.913,6.924,6.937,6.951,6.966,6.982,6.999,7.016,7.031,7.046,7.059,7.070,7.080,7.088,7.093,7.095,7.092,7.086,7.076,7.062,7.044,7.023,6.999,6.973,6.947,6.921,6.896,6.873,6.853,6.836,6.822,6.811,6.803,6.797,6.796,6.799,6.806,6.817,6.830,6.841,6.850,,
Malta,MLT,"Fertility rate, total (births per woman)",SP.DYN.TFRT.IN,3.620,3.274,3.237,2.904,2.790,2.520,2.326,2.236,2.120,2.019,2.025,2.060,2.007,1.649,1.640,2.274,2.205,2.180,2.118,2.100,1.990,1.870,1.980,1.965,1.950,1.990,1.980,1.980,2.080,2.110,2.050,2.040,2.120,2.010,1.890,1.830,2.100,1.950,1.880,1.770,1.700,1.480,1.450,1.480,1.400,1.380,1.390,1.370,1.440,1.430,1.380,1.380,,
Myanmar,MMR,"Fertility rate, total (births per woman)",SP.DYN.TFRT.IN,6.051,6.073,6.096,6.116,6.130,6.136,6.129,6.109,6.074,6.024,5.959,5.881,5.791,5.694,5.592,5.488,5.387,5.289,5.194,5.100,5.001,4.891,4.764,4.619,4.456,4.279,4.094,3.909,3.732,3.566,3.415,3.279,3.158,3.046,2.945,2.851,2.761,2.675,2.590,2.508,2.428,2.353,2.286,2.227,2.178,2.137,2.103,2.075,2.049,2.026,2.003,1.980,,
Montenegro,MNE,"Fertility rate, total (births per woman)",SP.DYN.TFRT.IN,3.521,3.417,3.308,3.199,3.093,2.994,2.906,2.833,2.773,2.726,2.689,2.657,2.625,2.590,2.549,2.503,2.453,2.402,2.354,2.309,2.266,2.225,2.185,2.145,2.104,2.063,2.022,1.980,1.940,1.902,1.869,1.843,1.825,1.815,1.813,1.815,1.820,1.824,1.826,1.823,1.815,1.804,1.792,1.779,1.767,1.756,1.745,1.734,1.722,1.710,1.698,1.687,,
Mongolia,MNG,"Fertility rate, total (births per woman)",SP.DYN.TFRT.IN,6.953,7.168,7.347,7.477,7.558,7.593,7.599,7.591,7.584,7.578,7.569,7.546,7.497,7.413,7.294,7.144,6.969,6.780,6.587,6.395,6.209,6.033,5.864,5.696,5.526,5.345,5.140,4.906,4.644,4.356,4.052,3.746,3.451,3.180,2.941,2.738,2.570,2.430,2.312,2.216,2.144,2.102,2.089,2.103,2.141,2.193,2.254,2.315,2.368,2.410,2.437,2.447,,
Northern Mariana Islands,MNP,"Fertility rate, total (births per woman)",SP.DYN.TFRT.IN,,,,,,,,,,,,,,,,,,,,,,,,,,,,,,,,,,,,,,,,,,,,,,,,,,,,,,
Mozambique,MOZ,"Fertility rate, total (births per woman)",SP.DYN.TFRT.IN,6.600,6.600,6.601,6.601,6.602,6.602,6.602,6.601,6.599,6.596,6.591,6.586,6.580,6.572,6.564,6.554,6.544,6.532,6.519,6.505,6.490,6.474,6.457,6.439,6.420,6.398,6.373,6.345,6.313,6.277,6.237,6.191,6.140,6.086,6.031,5.976,5.925,5.880,5.840,5.808,5.782,5.760,5.741,5.721,5.697,5.669,5.632,5.588,5.536,5.476,5.409,5.338,,
Mauritania,MRT,"Fertility rate, total (births per woman)",SP.DYN.TFRT.IN,6.775,6.787,6.794,6.798,6.799,6.799,6.798,6.798,6.795,6.791,6.784,6.774,6.759,6.739,6.713,6.681,6.641,6.594,6.541,6.484,6.426,6.368,6.314,6.264,6.219,6.178,6.141,6.104,6.065,6.023,5.978,5.928,5.875,5.818,5.758,5.696,5.633,5.569,5.505,5.442,5.381,5.321,5.263,5.205,5.150,5.095,5.042,4.990,4.939,4.888,4.837,4.783,,
Mauritius,MUS,"Fertility rate, total (births per woman)",SP.DYN.TFRT.IN,6.167,6.178,6.124,5.993,5.785,5.510,5.187,4.847,4.516,4.213,3.952,3.741,3.575,3.444,3.341,3.255,3.169,3.071,2.954,2.818,2.672,2.532,2.412,2.325,2.160,2.020,1.990,2.050,2.140,2.230,2.320,2.300,2.370,2.210,2.250,2.140,2.120,2.040,1.970,2.050,1.990,1.910,1.940,1.870,1.870,1.820,1.700,1.660,1.580,1.500,1.470,1.450,,
Malawi,MWI,"Fertility rate, total (births per woman)",SP.DYN.TFRT.IN,6.913,6.946,6.983,7.021,7.060,7.101,7.141,7.182,7.222,7.263,7.304,7.346,7.389,7.433,7.477,7.518,7.555,7.584,7.605,7.617,7.621,7.619,7.613,7.601,7.583,7.549,7.490,7.402,7.287,7.148,6.997,6.850,6.719,6.614,6.536,6.483,6.446,6.411,6.369,6.317,6.254,6.186,6.119,6.058,6.002,5.950,5.899,5.843,5.781,5.712,5.636,5.554,,
Malaysia,MYS,"Fertility rate, total (births per woman)",SP.DYN.TFRT.IN,6.194,6.136,6.052,5.942,5.808,5.655,5.492,5.326,5.165,5.014,4.872,4.737,4.603,4.469,4.337,4.209,4.092,3.990,3.906,3.839,3.789,3.753,3.725,3.702,3.679,3.656,3.630,3.604,3.576,3.546,3.515,3.485,3.454,3.422,3.385,3.339,3.275,3.190,3.085,2.961,2.825,2.683,2.544,2.418,2.307,2.216,2.146,2.093,2.052,2.023,2.002,1.986,,
Namibia,NAM,"Fertility rate, total (births per woman)",SP.DYN.TFRT.IN,6.150,6.167,6.184,6.199,6.216,6.236,6.263,6.301,6.347,6.401,6.459,6.517,6.570,6.613,6.642,6.654,6.647,6.622,6.581,6.524,6.451,6.362,6.259,6.145,6.022,5.893,5.760,5.625,5.491,5.358,5.227,5.098,4.970,4.842,4.715,4.590,4.469,4.351,4.240,4.134,4.033,3.938,3.847,3.759,3.674,3.591,3.512,3.436,3.364,3.295,3.229,3.167,,
New Caledonia,NCL,"Fertility rate, total (births per woman)",SP.DYN.TFRT.IN,6.278,6.144,6.010,5.873,5.737,5.600,5.385,5.170,4.880,4.590,4.300,4.176,4.051,3.927,3.803,3.679,3.554,3.430,3.372,3.314,3.256,3.198,3.140,3.093,3.047,3.000,3.025,3.050,3.097,3.143,3.190,3.020,2.850,2.763,2.677,2.590,2.645,2.700,2.677,2.653,2.630,2.470,2.370,2.300,2.180,2.200,2.290,2.200,2.166,2.200,2.193,2.172,,
Niger,NER,"Fertility rate, total (births per woman)",SP.DYN.TFRT.IN,7.052,7.083,7.116,7.150,7.185,7.222,7.260,7.300,7.341,7.382,7.422,7.460,7.495,7.526,7.553,7.578,7.603,7.628,7.654,7.681,7.707,7.731,7.751,7.764,7.773,7.775,7.774,7.771,7.767,7.764,7.763,7.764,7.766,7.769,7.771,7.773,7.772,7.767,7.757,7.743,7.725,7.704,7.681,7.658,7.636,7.617,7.602,7.593,7.588,7.585,7.584,7.581,,
Nigeria,NGA,"Fertility rate, total (births per woman)",SP.DYN.TFRT.IN,6.354,6.351,6.346,6.341,6.336,6.335,6.342,6.359,6.387,6.425,6.471,6.522,6.575,6.625,6.669,6.706,6.735,6.757,6.772,6.781,6.783,6.779,6.767,6.749,6.726,6.698,6.664,6.625,6.582,6.537,6.490,6.443,6.395,6.348,6.303,6.261,6.222,6.187,6.154,6.125,6.099,6.077,6.058,6.042,6.029,6.020,6.015,6.015,6.017,6.021,6.022,6.017,,
Nicaragua,NIC,"Fertility rate, total (births per woman)",SP.DYN.TFRT.IN,7.336,7.257,7.179,7.109,7.052,7.010,6.981,6.961,6.941,6.919,6.892,6.855,6.807,6.748,6.678,6.597,6.510,6.420,6.327,6.232,6.131,6.018,5.890,5.746,5.589,5.426,5.267,5.118,4.985,4.865,4.754,4.642,4.519,4.381,4.225,4.055,3.878,3.702,3.535,3.384,3.251,3.139,3.046,2.967,2.903,2.848,2.802,2.759,2.717,2.675,2.631,2.585,,
Netherlands,NLD,"Fertility rate, total (births per woman)",SP.DYN.TFRT.IN,3.122,3.217,3.176,3.193,3.166,3.039,2.903,2.814,2.716,2.748,2.572,2.362,2.151,1.904,1.773,1.664,1.632,1.579,1.583,1.563,1.602,1.563,1.495,1.468,1.491,1.511,1.553,1.558,1.550,1.550,1.620,1.610,1.590,1.570,1.570,1.530,1.530,1.530,1.630,1.650,1.720,1.710,1.730,1.750,1.720,1.710,1.720,1.720,1.770,1.790,1.790,1.760,,
Norway,NOR,"Fertility rate, total (births per woman)",SP.DYN.TFRT.IN,2.846,2.913,2.887,2.906,2.964,2.932,2.893,2.800,2.750,2.699,2.503,2.498,2.372,2.238,2.137,1.991,1.871,1.760,1.775,1.755,1.720,1.700,1.690,1.660,1.660,1.680,1.710,1.800,1.840,1.880,1.930,1.920,1.880,1.860,1.870,1.870,1.890,1.860,1.810,1.850,1.850,1.780,1.750,1.800,1.830,1.840,1.900,1.900,1.960,1.980,1.950,1.880,,
Nepal,NPL,"Fertility rate, total (births per woman)",SP.DYN.TFRT.IN,5.993,5.994,5.995,5.996,5.997,5.997,5.996,5.994,5.988,5.981,5.971,5.958,5.945,5.929,5.912,5.894,5.873,5.850,5.824,5.795,5.760,5.721,5.676,5.625,5.569,5.508,5.444,5.378,5.310,5.239,5.165,5.088,5.004,4.914,4.817,4.711,4.596,4.473,4.343,4.208,4.068,3.924,3.778,3.632,3.486,3.340,3.194,3.046,2.899,2.755,2.619,2.496,,
New Zealand,NZL,"Fertility rate, total (births per woman)",SP.DYN.TFRT.IN,4.129,4.099,4.107,3.989,3.733,3.540,3.410,3.354,3.332,3.269,3.158,3.194,3.000,2.696,2.570,2.331,2.273,2.229,2.070,2.120,2.030,2.010,1.950,1.920,1.930,1.930,1.960,2.030,2.100,2.120,2.180,2.160,2.120,2.050,2.000,1.990,1.960,1.950,1.920,1.940,2.000,1.970,1.890,1.910,2.000,1.960,2.000,2.110,2.190,2.140,2.160,2.100,,
OECD members,OED,"Fertility rate, total (births per woman)",SP.DYN.TFRT.IN,3.247,3.252,3.208,3.191,3.173,3.080,2.925,2.917,2.872,2.835,2.799,2.736,2.604,2.522,2.465,2.369,2.302,2.255,2.197,2.191,2.169,2.121,2.101,2.049,2.022,2.000,1.975,1.958,1.963,1.954,1.965,1.943,1.922,1.889,1.864,1.826,1.816,1.803,1.798,1.786,1.805,1.777,1.760,1.767,1.772,1.766,1.796,1.817,1.824,1.790,1.780,1.759,,
Oman,OMN,"Fertility rate, total (births per woman)",SP.DYN.TFRT.IN,7.247,7.248,7.251,7.256,7.263,7.271,7.277,7.282,7.286,7.293,7.311,7.350,7.414,7.504,7.617,7.747,7.885,8.018,8.137,8.232,8.299,8.338,8.352,8.340,8.299,8.222,8.101,7.933,7.719,7.462,7.164,6.831,6.472,6.098,5.720,5.346,4.982,4.631,4.298,3.992,3.720,3.488,3.297,3.144,3.029,2.951,2.906,2.887,2.886,2.894,2.901,2.899,,
Other small states,OSS,"Fertility rate, total (births per woman)",SP.DYN.TFRT.IN,5.841,5.849,5.847,5.832,5.804,5.768,5.733,5.708,5.695,5.698,5.710,5.723,5.727,5.716,5.689,5.651,5.602,5.569,5.537,5.511,5.487,5.463,5.423,5.400,5.348,5.289,5.234,5.169,5.129,5.073,5.012,4.940,4.863,4.789,4.723,4.645,4.572,4.475,4.390,4.317,4.236,4.158,4.097,4.033,3.968,3.902,3.834,3.777,3.733,3.691,3.646,3.604,,
Pakistan,PAK,"Fertility rate, total (births per woman)",SP.DYN.TFRT.IN,6.600,6.600,6.600,6.600,6.600,6.600,6.600,6.600,6.600,6.600,6.601,6.602,6.605,6.608,6.611,6.612,6.608,6.599,6.583,6.561,6.535,6.508,6.483,6.460,6.436,6.407,6.367,6.310,6.234,6.138,6.024,5.899,5.767,5.634,5.499,5.359,5.208,5.042,4.861,4.669,4.474,4.290,4.125,3.986,3.873,3.785,3.713,3.648,3.581,3.509,3.430,3.347,,
Panama,PAN,"Fertility rate, total (births per woman)",SP.DYN.TFRT.IN,5.870,5.846,5.812,5.765,5.707,5.638,5.559,5.472,5.378,5.279,5.173,5.060,4.939,4.810,4.675,4.537,4.398,4.260,4.128,4.002,3.884,3.775,3.673,3.579,3.492,3.410,3.334,3.262,3.195,3.132,3.075,3.024,2.982,2.948,2.921,2.901,2.884,2.870,2.855,2.839,2.821,2.799,2.775,2.750,2.724,2.696,2.667,2.637,2.608,2.578,2.549,2.521,,
Peru,PER,"Fertility rate, total (births per woman)",SP.DYN.TFRT.IN,6.876,6.872,6.860,6.836,6.800,6.750,6.684,6.605,6.515,6.415,6.307,6.192,6.073,5.952,5.828,5.702,5.572,5.437,5.297,5.153,5.009,4.866,4.729,4.598,4.475,4.360,4.250,4.144,4.038,3.933,3.828,3.722,3.617,3.514,3.413,3.317,3.226,3.142,3.064,2.993,2.929,2.872,2.820,2.773,2.730,2.689,2.650,2.614,2.579,2.545,2.511,2.479,,
Philippines,PHL,"Fertility rate, total (births per woman)",SP.DYN.TFRT.IN,7.148,7.087,7.020,6.947,6.867,6.781,6.689,6.589,6.485,6.376,6.264,6.152,6.041,5.931,5.824,5.718,5.613,5.506,5.399,5.290,5.183,5.078,4.978,4.883,4.795,4.712,4.632,4.554,4.476,4.397,4.320,4.246,4.177,4.113,4.056,4.006,3.962,3.923,3.888,3.852,3.813,3.766,3.709,3.642,3.566,3.485,3.403,3.326,3.257,3.199,3.151,3.111,,
Palau,PLW,"Fertility rate, total (births per woman)",SP.DYN.TFRT.IN,,,,,,,,,,,,,,,,,,,,,,,,,,,,,,,2.757,,,,,2.861,,,,,1.535,,,,,,,,,,,,,
Papua New Guinea,PNG,"Fertility rate, total (births per woman)",SP.DYN.TFRT.IN,6.275,6.278,6.278,6.275,6.268,6.258,6.244,6.227,6.208,6.187,6.163,6.137,6.108,6.077,6.041,6.000,5.954,5.900,5.839,5.771,5.694,5.609,5.515,5.415,5.312,5.210,5.110,5.018,4.934,4.861,4.802,4.757,4.724,4.701,4.685,4.671,4.654,4.631,4.599,4.557,4.507,4.451,4.392,4.335,4.279,4.226,4.174,4.122,4.067,4.011,3.954,3.896,,
Poland,POL,"Fertility rate, total (births per woman)",SP.DYN.TFRT.IN,2.980,2.830,2.720,2.697,2.570,2.520,2.340,2.330,2.240,2.200,2.200,2.250,2.235,2.255,2.260,2.270,2.302,2.230,2.205,2.280,2.276,2.235,2.336,2.416,2.372,2.329,2.220,2.154,2.130,2.078,2.040,2.050,1.930,1.850,1.798,1.610,1.580,1.513,1.440,1.370,1.350,1.310,1.250,1.220,1.230,1.240,1.270,1.310,1.390,1.400,1.380,1.300,,
Puerto Rico,PRI,"Fertility rate, total (births per woman)",SP.DYN.TFRT.IN,4.657,4.547,4.411,4.252,4.075,3.888,3.703,3.530,3.377,3.248,3.146,3.068,3.006,2.955,2.908,2.864,2.818,2.769,2.718,2.664,2.607,2.548,2.490,2.436,2.387,2.344,2.308,2.279,2.256,2.236,2.219,2.201,2.180,2.154,2.124,2.088,1.940,1.900,1.900,1.974,2.049,1.935,1.832,1.762,1.782,1.770,1.712,1.651,1.652,1.653,1.664,1.653,,
"Korea, Dem. Rep.",PRK,"Fertility rate, total (births per woman)",SP.DYN.TFRT.IN,4.579,4.357,4.173,4.057,4.022,4.064,4.159,4.262,4.336,4.364,4.327,4.214,4.038,3.816,3.564,3.307,3.075,2.889,2.761,2.693,2.676,2.687,2.698,2.690,2.654,2.593,2.515,2.438,2.374,2.325,2.289,2.262,2.235,2.202,2.163,2.121,2.079,2.042,2.015,1.999,1.991,1.992,1.996,2.000,2.004,2.005,2.006,2.005,2.005,2.004,2.003,2.000,,
Portugal,PRT,"Fertility rate, total (births per woman)",SP.DYN.TFRT.IN,3.006,3.183,3.213,3.084,3.153,3.078,3.052,2.996,2.902,2.849,2.759,2.799,2.697,2.655,2.599,2.517,2.569,2.448,2.231,2.112,2.190,2.144,2.190,1.946,1.920,1.740,1.630,1.570,1.530,1.480,1.430,1.420,1.480,1.530,1.440,1.380,1.430,1.460,1.480,1.500,1.550,1.450,1.470,1.440,1.400,1.400,1.360,1.330,1.370,1.320,1.360,1.350,,
Paraguay,PRY,"Fertility rate, total (births per woman)",SP.DYN.TFRT.IN,6.500,6.489,6.472,6.447,6.410,6.356,6.276,6.170,6.041,5.894,5.739,5.589,5.456,5.347,5.267,5.217,5.196,5.195,5.203,5.214,5.219,5.213,5.191,5.151,5.094,5.020,4.931,4.835,4.736,4.637,4.541,4.448,4.356,4.266,4.177,4.090,4.005,3.921,3.839,3.758,3.677,3.595,3.512,3.429,3.346,3.266,3.191,3.123,3.063,3.012,2.968,2.931,,
Pacific island small states,PSS,"Fertility rate, total (births per woman)",SP.DYN.TFRT.IN,6.774,6.679,6.572,6.457,6.336,6.214,6.091,5.969,5.848,5.730,5.616,5.510,5.413,5.328,5.258,5.202,5.158,5.122,5.085,5.042,4.990,4.927,4.855,4.778,4.701,4.627,4.560,4.501,4.449,4.402,4.357,4.312,4.264,4.215,4.163,4.110,4.056,4.002,3.948,3.894,3.842,3.791,3.741,3.693,3.646,3.601,3.557,3.514,3.472,3.430,3.389,3.349,,
French Polynesia,PYF,"Fertility rate, total (births per woman)",SP.DYN.TFRT.IN,5.658,5.577,5.500,5.430,5.368,5.314,5.267,5.222,5.174,5.120,5.057,4.980,4.889,4.785,4.670,4.548,4.423,4.301,4.185,4.080,3.989,3.916,3.858,3.812,3.774,3.738,3.697,3.645,3.579,3.497,3.400,3.291,3.175,3.059,2.946,2.841,2.745,2.660,2.585,2.520,2.463,2.414,2.370,2.329,2.289,2.251,2.216,2.184,2.156,2.132,2.110,2.092,,
Qatar,QAT,"Fertility rate, total (births per woman)",SP.DYN.TFRT.IN,6.971,6.973,6.977,6.981,6.985,6.987,6.987,6.983,6.973,6.952,6.918,6.866,6.794,6.703,6.595,6.474,6.344,6.211,6.079,5.947,5.811,5.665,5.504,5.326,5.132,4.929,4.722,4.521,4.333,4.163,4.016,3.894,3.796,3.715,3.648,3.590,3.534,3.477,3.411,3.334,3.241,3.127,2.996,2.853,2.703,2.555,2.418,2.299,2.203,2.133,2.085,2.055,,
Romania,ROU,"Fertility rate, total (births per woman)",SP.DYN.TFRT.IN,2.340,2.173,2.040,2.008,1.963,1.907,1.900,3.660,3.630,3.190,2.886,2.670,2.548,2.439,2.710,2.600,2.550,2.570,2.520,2.480,2.430,2.360,2.166,2.060,2.260,2.310,2.386,2.313,2.306,2.200,1.840,1.570,1.520,1.440,1.410,1.343,1.300,1.320,1.320,1.300,1.310,1.270,1.250,1.270,1.290,1.320,1.320,1.300,1.350,1.380,1.330,1.250,,
Russian Federation,RUS,"Fertility rate, total (births per woman)",SP.DYN.TFRT.IN,2.520,2.450,2.360,2.270,2.180,2.130,2.100,2.040,1.990,1.970,1.990,2.030,2.040,2.010,2.000,1.980,1.970,1.950,1.920,1.900,1.890,1.910,2.040,2.110,2.060,2.050,2.150,2.220,2.120,2.010,1.890,1.732,1.552,1.385,1.400,1.340,1.277,1.230,1.240,1.170,1.210,1.250,1.300,1.310,1.330,1.290,1.300,1.410,1.490,1.540,1.540,1.540,,
Rwanda,RWA,"Fertility rate, total (births per woman)",SP.DYN.TFRT.IN,8.187,8.194,8.197,8.198,8.198,8.198,8.198,8.201,8.207,8.217,8.231,8.252,8.278,8.307,8.339,8.370,8.399,8.423,8.441,8.449,8.448,8.439,8.423,8.397,8.355,8.284,8.169,8.004,7.792,7.541,7.271,7.005,6.766,6.568,6.416,6.307,6.229,6.160,6.085,5.998,5.897,5.786,5.674,5.566,5.463,5.365,5.267,5.167,5.062,4.954,4.841,4.728,,
Saudi Arabia,SAU,"Fertility rate, total (births per woman)",SP.DYN.TFRT.IN,7.216,7.230,7.243,7.252,7.257,7.260,7.262,7.264,7.267,7.273,7.280,7.289,7.299,7.307,7.312,7.313,7.309,7.299,7.281,7.252,7.206,7.140,7.050,6.939,6.806,6.656,6.496,6.331,6.166,6.004,5.844,5.685,5.522,5.352,5.174,4.989,4.795,4.594,4.390,4.187,3.990,3.804,3.634,3.482,3.349,3.234,3.136,3.050,2.971,2.898,2.829,2.763,,
Sudan,SDN,"Fertility rate, total (births per woman)",SP.DYN.TFRT.IN,6.691,6.713,6.737,6.762,6.787,6.810,6.831,6.850,6.865,6.878,6.888,6.899,6.910,6.921,6.930,6.936,6.933,6.919,6.892,6.853,6.802,6.741,6.674,6.605,6.535,6.467,6.401,6.338,6.275,6.214,6.153,6.092,6.028,5.962,5.893,5.821,5.747,5.672,5.596,5.520,5.444,5.366,5.287,5.206,5.123,5.039,4.956,4.873,4.792,4.713,4.637,4.563,,
Senegal,SEN,"Fertility rate, total (births per woman)",SP.DYN.TFRT.IN,6.951,6.994,7.036,7.075,7.114,7.152,7.189,7.227,7.266,7.303,7.339,7.374,7.405,7.432,7.452,7.465,7.468,7.461,7.445,7.418,7.382,7.337,7.284,7.225,7.160,7.088,7.010,6.925,6.832,6.734,6.629,6.519,6.404,6.287,6.169,6.054,5.943,5.837,5.737,5.645,5.561,5.484,5.413,5.346,5.285,5.229,5.181,5.140,5.107,5.078,5.050,5.019,,
Singapore,SGP,"Fertility rate, total (births per woman)",SP.DYN.TFRT.IN,5.454,5.256,5.200,5.007,4.853,4.698,4.498,3.946,3.562,3.246,3.086,3.038,3.048,2.800,2.359,2.079,2.111,1.820,1.759,1.791,1.737,1.723,1.706,1.608,1.615,1.614,1.433,1.621,1.956,1.754,1.865,1.770,1.760,1.778,1.750,1.710,1.696,1.635,1.494,1.475,,1.410,1.370,1.270,1.260,1.260,1.280,1.290,1.280,1.220,1.150,1.200,,
Solomon Islands,SLB,"Fertility rate, total (births per woman)",SP.DYN.TFRT.IN,6.388,6.385,6.383,6.385,6.394,6.419,6.470,6.549,6.655,6.781,6.914,7.040,7.145,7.216,7.248,7.236,7.182,7.096,6.990,6.871,6.748,6.632,6.525,6.431,6.349,6.278,6.211,6.139,6.056,5.961,5.851,5.728,5.596,5.461,5.326,5.197,5.077,4.968,4.872,4.789,4.720,4.665,4.618,4.578,4.540,4.502,4.459,4.412,4.359,4.300,4.236,4.168,,
Sierra Leone,SLE,"Fertility rate, total (births per woman)",SP.DYN.TFRT.IN,6.033,6.093,6.158,6.229,6.302,6.376,6.449,6.519,6.583,6.643,6.697,6.748,6.798,6.847,6.894,6.938,6.979,7.013,7.038,7.054,7.058,7.048,7.025,6.990,6.945,6.889,6.824,6.753,6.678,6.601,6.525,6.453,6.385,6.320,6.260,6.204,6.150,6.098,6.043,5.985,5.920,5.845,5.759,5.664,5.560,5.451,5.340,5.232,5.128,5.032,4.943,4.861,,
El Salvador,SLV,"Fertility rate, total (births per woman)",SP.DYN.TFRT.IN,6.728,6.749,6.752,6.736,6.699,6.643,6.571,6.487,6.396,6.300,6.203,6.106,6.010,5.914,5.817,5.718,5.615,5.506,5.389,5.266,5.137,5.004,4.870,4.738,4.609,4.485,4.367,4.255,4.148,4.047,3.951,3.862,3.777,3.695,3.614,3.529,3.432,3.323,3.201,3.070,2.934,2.803,2.683,2.580,2.496,2.433,2.386,2.350,2.319,2.291,2.263,2.236,,
San Marino,SMR,"Fertility rate, total (births per woman)",SP.DYN.TFRT.IN,,,,,,,,,,,,,,,,,,,,,,,,,,,,,,,,,,,,,,,,,,,,,,,,,,,,,,
Somalia,SOM,"Fertility rate, total (births per woman)",SP.DYN.TFRT.IN,7.250,7.252,7.255,7.258,7.261,7.261,7.257,7.248,7.232,7.209,7.182,7.151,7.118,7.086,7.057,7.033,7.016,7.005,7.000,7.003,7.013,7.030,7.053,7.080,7.112,7.149,7.190,7.237,7.288,7.341,7.397,7.455,7.512,7.567,7.616,7.655,7.679,7.687,7.678,7.651,7.610,7.556,7.495,7.429,7.361,7.292,7.219,7.140,7.056,6.965,6.869,6.769,,
Serbia,SRB,"Fertility rate, total (births per woman)",SP.DYN.TFRT.IN,,2.500,,,,,,,,,,2.300,,,,,,,,,,2.100,,,,,,,,,,1.800,,,,1.700,,1.600,,,1.480,1.580,1.570,1.590,1.570,1.450,1.430,1.380,1.400,1.440,1.400,1.360,,
South Sudan,SSD,"Fertility rate, total (births per woman)",SP.DYN.TFRT.IN,6.721,6.733,6.747,6.763,6.781,6.800,6.819,6.838,6.855,6.869,6.881,6.892,6.903,6.912,6.920,6.924,6.922,6.913,6.897,6.874,6.850,6.829,6.813,6.806,6.806,6.811,6.817,6.819,6.813,6.796,6.769,6.729,6.682,6.627,6.567,6.503,6.435,6.364,6.289,6.212,6.133,6.050,5.962,5.871,5.777,5.680,5.582,5.483,5.385,5.288,5.194,5.101,,
Sao Tome and Principe,STP,"Fertility rate, total (births per woman)",SP.DYN.TFRT.IN,6.242,6.263,6.284,6.306,6.327,6.349,6.371,6.394,6.419,6.444,6.468,6.490,6.510,6.525,6.534,6.535,6.528,6.513,6.489,6.455,6.409,6.348,6.271,6.181,6.078,5.967,5.849,5.730,5.613,5.501,5.395,5.296,5.203,5.115,5.032,4.956,4.887,4.826,4.773,4.727,4.687,4.654,4.625,4.598,4.572,4.542,4.506,4.462,4.411,4.352,4.287,4.217,,
Suriname,SUR,"Fertility rate, total (births per woman)",SP.DYN.TFRT.IN,6.608,6.594,6.558,6.497,6.412,6.304,6.182,6.053,5.922,5.790,5.653,5.504,5.336,5.148,4.945,4.735,4.531,4.344,4.180,4.041,3.922,3.815,3.708,3.594,3.471,3.338,3.200,3.063,2.936,2.823,2.733,2.671,2.639,2.634,2.651,2.682,2.717,2.746,2.762,2.759,2.739,2.702,2.656,2.609,2.562,2.518,2.478,2.441,2.406,2.374,2.345,2.318,,
Slovak Republic,SVK,"Fertility rate, total (births per woman)",SP.DYN.TFRT.IN,3.040,2.960,2.830,2.920,2.890,2.780,2.660,2.480,2.390,2.430,2.410,2.430,2.490,2.560,2.610,2.550,2.550,2.490,2.470,2.450,2.320,2.290,2.280,2.280,2.260,2.260,2.200,2.140,2.130,2.070,2.090,2.050,1.930,1.870,1.670,1.520,1.470,1.430,1.370,1.330,1.300,1.200,1.190,1.200,1.240,1.250,1.240,1.250,1.320,1.410,1.400,1.450,,
Slovenia,SVN,"Fertility rate, total (births per woman)",SP.DYN.TFRT.IN,2.324,2.325,2.330,2.336,2.340,2.341,2.336,2.326,2.312,2.294,2.273,2.255,2.239,2.227,2.218,2.209,2.195,2.172,2.138,2.093,2.039,1.978,1.930,1.810,1.740,1.710,1.670,1.650,1.630,1.520,1.460,1.420,1.330,1.330,1.320,1.290,1.280,1.250,1.230,1.210,1.260,1.210,1.210,1.200,1.250,1.260,1.310,1.380,1.530,1.530,1.570,1.560,,
Sweden,SWE,"Fertility rate, total (births per woman)",SP.DYN.TFRT.IN,2.174,2.213,2.246,2.328,2.474,2.391,2.367,2.281,2.067,1.943,1.939,1.978,1.927,1.880,1.888,1.779,1.689,1.644,1.601,1.657,1.680,1.630,1.650,1.610,1.660,1.740,1.790,1.900,1.975,2.020,2.130,2.110,2.090,2.000,1.880,1.730,1.600,1.520,1.500,1.500,1.540,1.570,1.650,1.710,1.750,1.770,1.850,1.880,1.910,1.940,1.980,1.900,,
Swaziland,SWZ,"Fertility rate, total (births per woman)",SP.DYN.TFRT.IN,6.717,6.730,6.745,6.763,6.782,6.802,6.822,6.841,6.857,6.869,6.875,6.876,6.870,6.858,6.840,6.817,6.790,6.761,6.729,6.695,6.658,6.618,6.573,6.520,6.459,6.384,6.291,6.180,6.051,5.905,5.744,5.571,5.392,5.211,5.035,4.866,4.709,4.564,4.432,4.313,4.209,4.121,4.046,3.982,3.925,3.871,3.818,3.761,3.699,3.632,3.559,3.483,,
Sint Maarten (Dutch part),SXM,"Fertility rate, total (births per woman)",SP.DYN.TFRT.IN,,,,,,,,,,,,,,,,,,,,,,,,,,,,,,,,,,,,,,,,,,,,,,,,1.500,1.700,1.700,,,,
Seychelles,SYC,"Fertility rate, total (births per woman)",SP.DYN.TFRT.IN,,,,,,,,,,,,,,,,,4.500,,,,,,3.500,,,,,3.000,,,,,2.696,,,,,2.100,2.040,2.040,2.080,1.980,2.040,2.100,2.000,2.200,2.100,2.240,2.300,2.400,2.100,2.100,,
Syrian Arab Republic,SYR,"Fertility rate, total (births per woman)",SP.DYN.TFRT.IN,7.467,7.497,7.522,7.541,7.555,7.564,7.569,7.572,7.574,7.574,7.572,7.566,7.556,7.537,7.510,7.472,7.422,7.359,7.285,7.197,7.094,6.976,6.843,6.695,6.534,6.359,6.168,5.963,5.748,5.529,5.313,5.110,4.925,4.760,4.618,4.495,4.386,4.282,4.178,4.070,3.958,3.841,3.724,3.610,3.501,3.401,3.313,3.237,3.173,3.121,3.078,3.040,,
Turks and Caicos Islands,TCA,"Fertility rate, total (births per woman)",SP.DYN.TFRT.IN,,,,,,,,,,,,,,,,,,,,,,,,,,,,,,,,,,,,,,,,,,,,,,,,,,,,,,
Chad,TCD,"Fertility rate, total (births per woman)",SP.DYN.TFRT.IN,6.250,6.268,6.285,6.301,6.318,6.337,6.362,6.393,6.432,6.477,6.528,6.582,6.636,6.688,6.736,6.780,6.820,6.857,6.892,6.925,6.958,6.990,7.023,7.056,7.089,7.124,7.161,7.199,7.238,7.276,7.313,7.346,7.376,7.399,7.416,7.425,7.426,7.419,7.405,7.384,7.354,7.315,7.268,7.212,7.147,7.074,6.992,6.902,6.805,6.702,6.596,6.486,,
Togo,TGO,"Fertility rate, total (births per woman)",SP.DYN.TFRT.IN,6.521,6.570,6.622,6.677,6.734,6.792,6.851,6.911,6.971,7.029,7.084,7.136,7.182,7.222,7.254,7.275,7.286,7.284,7.270,7.244,7.207,7.158,7.099,7.032,6.957,6.874,6.781,6.679,6.569,6.452,6.331,6.206,6.081,5.957,5.837,5.725,5.620,5.524,5.437,5.359,5.288,5.224,5.166,5.111,5.059,5.009,4.962,4.918,4.876,4.835,4.792,4.746,,
Thailand,THA,"Fertility rate, total (births per woman)",SP.DYN.TFRT.IN,6.147,6.151,6.155,6.157,6.151,6.129,6.084,6.009,5.903,5.764,5.595,5.397,5.181,4.953,4.721,4.488,4.257,4.030,3.808,3.594,3.392,3.202,3.024,2.859,2.707,2.571,2.451,2.346,2.256,2.179,2.113,2.055,2.003,1.956,1.911,1.867,1.824,1.784,1.745,1.709,1.676,1.644,1.615,1.588,1.563,1.539,1.517,1.496,1.477,1.459,1.443,1.427,,
Tajikistan,TJK,"Fertility rate, total (births per woman)",SP.DYN.TFRT.IN,6.235,6.266,6.308,6.365,6.433,6.513,6.602,6.693,6.775,6.841,6.878,6.870,6.814,6.713,6.572,6.402,6.220,6.043,5.887,5.759,5.663,5.601,5.561,5.533,5.510,5.486,5.453,5.408,5.347,5.270,5.175,5.067,4.950,4.830,4.709,4.587,4.462,4.334,4.203,4.075,3.954,3.848,3.760,3.695,3.653,3.636,3.642,3.667,3.703,3.743,3.780,3.807,,
Turkmenistan,TKM,"Fertility rate, total (births per woman)",SP.DYN.TFRT.IN,6.415,6.537,6.626,6.668,6.663,6.616,6.545,6.469,6.403,6.350,6.302,6.249,6.175,6.071,5.939,5.783,5.612,5.441,5.279,5.135,5.012,4.915,4.836,4.772,4.718,4.669,4.623,4.572,4.513,4.440,4.345,4.222,4.071,3.898,3.707,3.512,3.325,3.159,3.021,2.914,2.837,2.783,2.741,2.701,2.660,2.615,2.569,2.523,2.482,2.445,2.412,2.381,,
Timor-Leste,TLS,"Fertility rate, total (births per woman)",SP.DYN.TFRT.IN,6.373,6.376,6.375,6.367,6.347,6.314,6.268,6.207,6.132,6.039,5.917,5.751,5.541,5.298,5.037,4.794,4.611,4.514,4.513,4.606,4.767,4.956,5.130,5.256,5.324,5.336,5.308,5.271,5.256,5.273,5.340,5.469,5.651,5.874,6.125,6.384,6.627,6.832,6.986,7.079,7.112,7.092,7.037,6.965,6.649,6.332,6.016,5.700,5.700,5.700,5.578,5.453,,
Tonga,TON,"Fertility rate, total (births per woman)",SP.DYN.TFRT.IN,7.363,7.346,7.302,7.226,7.117,6.974,6.795,6.590,6.371,6.150,5.941,5.761,5.616,5.512,5.449,5.426,5.438,5.471,5.509,5.541,5.553,5.532,5.475,5.385,5.266,5.128,4.989,4.864,4.763,4.691,4.644,4.612,4.583,4.547,4.501,4.447,4.391,4.340,4.300,4.270,4.250,4.236,4.221,4.202,4.177,4.144,4.104,4.059,4.012,3.963,3.914,3.864,,
Trinidad and Tobago,TTO,"Fertility rate, total (births per woman)",SP.DYN.TFRT.IN,5.264,5.177,5.047,4.873,4.664,4.433,4.200,3.985,3.802,3.658,3.554,3.484,3.432,3.389,3.349,3.313,3.287,3.273,3.271,3.278,3.284,3.281,3.261,3.218,3.151,3.060,2.949,2.827,2.700,2.574,2.453,2.339,2.231,2.131,2.040,1.961,1.896,1.843,1.801,1.772,1.753,1.744,1.744,1.749,1.758,1.769,1.779,1.788,1.796,1.800,1.802,1.801,,
Tunisia,TUN,"Fertility rate, total (births per woman)",SP.DYN.TFRT.IN,7.043,7.088,7.118,7.125,7.107,7.059,6.978,6.869,6.737,6.590,6.438,6.292,6.160,6.046,5.950,5.867,5.790,5.706,5.606,5.488,5.349,5.189,5.015,4.833,4.645,4.454,4.265,4.077,3.893,3.714,3.538,3.363,3.188,3.013,2.900,2.670,2.510,2.380,2.230,2.090,2.080,2.050,2.000,2.060,2.020,2.040,2.030,2.040,2.060,2.050,2.130,2.130,,
Turkey,TUR,"Fertility rate, total (births per woman)",SP.DYN.TFRT.IN,6.303,6.241,6.175,6.104,6.029,5.951,5.874,5.797,5.721,5.644,5.563,5.475,5.375,5.263,5.140,5.008,4.872,4.738,4.608,4.483,4.361,4.239,4.114,3.982,3.844,3.704,3.563,3.427,3.300,3.183,3.078,2.987,2.906,2.835,2.772,2.715,2.661,2.609,2.557,2.506,2.454,2.404,2.356,2.311,2.270,2.234,2.202,2.173,2.147,2.123,2.101,2.080,,
Tuvalu,TUV,"Fertility rate, total (births per woman)",SP.DYN.TFRT.IN,,,,,,,,,,,,,,,,,,,,,,,,,,,,,,,,,,,,,,,,,,,,,,,,,,,,,,
Tanzania,TZA,"Fertility rate, total (births per woman)",SP.DYN.TFRT.IN,6.806,6.806,6.804,6.803,6.801,6.798,6.795,6.791,6.785,6.778,6.771,6.765,6.761,6.758,6.755,6.751,6.743,6.730,6.711,6.685,6.653,6.618,6.580,6.542,6.504,6.465,6.424,6.379,6.328,6.273,6.213,6.148,6.081,6.013,5.946,5.883,5.828,5.780,5.741,5.711,5.689,5.675,5.666,5.659,5.651,5.638,5.616,5.585,5.543,5.490,5.428,5.359,,
Uganda,UGA,"Fertility rate, total (births per woman)",SP.DYN.TFRT.IN,6.999,7.019,7.040,7.060,7.078,7.094,7.106,7.113,7.117,7.118,7.115,7.111,7.107,7.103,7.100,7.099,7.099,7.099,7.099,7.100,7.100,7.101,7.101,7.102,7.103,7.103,7.103,7.102,7.100,7.097,7.091,7.082,7.071,7.057,7.039,7.018,6.994,6.967,6.937,6.903,6.865,6.822,6.772,6.716,6.653,6.583,6.507,6.425,6.338,6.248,6.155,6.060,,
Ukraine,UKR,"Fertility rate, total (births per woman)",SP.DYN.TFRT.IN,2.240,2.170,2.140,2.060,1.960,1.990,2.020,2.010,1.998,2.040,2.090,2.120,2.080,2.040,2.040,2.020,1.990,1.940,1.960,1.960,1.950,1.930,1.980,2.080,2.090,2.060,2.080,2.050,2.020,1.920,1.848,1.810,1.720,1.600,1.500,1.400,1.300,1.300,1.200,1.200,1.100,1.100,1.100,1.200,1.200,1.200,1.310,1.345,1.390,1.460,1.445,1.459,,
Uruguay,URY,"Fertility rate, total (births per woman)",SP.DYN.TFRT.IN,2.881,2.887,2.885,2.874,2.858,2.841,2.831,2.831,2.844,2.869,2.902,2.938,2.969,2.988,2.993,2.981,2.951,2.905,2.849,2.787,2.724,2.665,2.614,2.574,2.546,2.530,2.523,2.523,2.524,2.523,2.518,2.506,2.487,2.463,2.432,2.398,2.362,2.327,2.295,2.267,2.243,2.223,2.205,2.188,2.171,2.155,2.138,2.122,2.107,2.093,2.080,2.068,,
United States,USA,"Fertility rate, total (births per woman)",SP.DYN.TFRT.IN,3.654,3.620,3.461,3.319,3.190,2.913,2.721,2.558,2.464,2.456,2.480,2.266,2.010,1.879,1.835,1.774,1.738,1.790,1.760,1.808,1.839,1.812,1.827,1.799,1.806,1.844,1.837,1.872,1.934,2.014,2.081,2.062,2.046,2.019,2.002,1.978,1.976,1.971,1.999,2.007,2.056,2.034,2.013,2.042,2.045,2.054,2.100,2.122,2.084,2.001,1.931,1.895,,
Uzbekistan,UZB,"Fertility rate, total (births per woman)",SP.DYN.TFRT.IN,6.707,6.755,6.783,6.790,6.777,6.748,6.707,6.660,6.608,6.552,6.492,6.422,6.338,6.237,6.119,5.983,5.829,5.660,5.482,5.302,5.127,4.968,4.829,4.711,4.616,4.539,4.474,4.500,4.280,4.179,4.072,4.199,4.004,3.800,3.537,3.596,3.320,3.082,2.815,2.720,2.580,2.460,2.520,2.360,2.460,2.360,2.390,2.550,2.640,2.530,2.499,2.499,,
St. Vincent and the Grenadines,VCT,"Fertility rate, total (births per woman)",SP.DYN.TFRT.IN,7.224,7.155,7.074,6.981,6.876,6.760,6.632,6.494,6.345,6.185,6.014,5.828,5.629,5.417,5.197,4.973,4.752,4.540,4.339,4.154,3.985,3.832,3.692,3.561,3.439,3.328,3.230,3.144,3.072,3.010,2.956,2.907,2.860,2.811,2.760,2.703,2.641,2.576,2.509,2.442,2.379,2.321,2.271,2.229,2.196,2.170,2.149,2.131,2.112,2.092,2.070,2.046,,
"Venezuela, RB",VEN,"Fertility rate, total (births per woman)",SP.DYN.TFRT.IN,6.616,6.637,6.628,6.581,6.495,6.368,6.203,6.014,5.811,5.605,5.404,5.219,5.053,4.905,4.779,4.670,4.574,4.483,4.391,4.296,4.199,4.104,4.014,3.933,3.861,3.794,3.730,3.665,3.597,3.524,3.448,3.370,3.292,3.218,3.147,3.082,3.022,2.967,2.915,2.867,2.822,2.779,2.739,2.701,2.664,2.629,2.595,2.562,2.531,2.501,2.472,2.444,,
Virgin Islands (U.S.),VIR,"Fertility rate, total (births per woman)",SP.DYN.TFRT.IN,5.615,5.651,5.679,5.696,5.698,5.679,5.634,5.561,5.459,5.328,5.167,4.976,4.760,4.527,4.286,4.047,3.818,3.607,3.420,3.261,3.138,3.053,3.000,2.973,2.967,2.973,2.986,2.997,2.999,2.987,2.954,2.895,2.813,2.712,2.599,2.481,2.367,2.265,2.184,2.128,2.055,1.900,2.113,2.006,2.068,2.111,1.950,1.915,1.880,1.845,1.800,1.800,,
Vietnam,VNM,"Fertility rate, total (births per woman)",SP.DYN.TFRT.IN,6.348,6.392,6.425,6.448,6.464,6.475,6.485,6.493,6.494,6.487,6.465,6.421,6.350,6.251,6.125,5.973,5.800,5.614,5.423,5.232,5.046,4.865,4.691,4.521,4.359,4.205,4.063,3.931,3.806,3.684,3.558,3.416,3.255,3.074,2.878,2.676,2.482,2.309,2.166,2.057,1.983,1.940,1.918,1.907,1.902,1.897,1.889,1.877,1.862,1.843,1.820,1.794,,
Vanuatu,VUT,"Fertility rate, total (births per woman)",SP.DYN.TFRT.IN,7.197,7.120,7.033,6.938,6.836,6.730,6.626,6.526,6.433,6.348,6.272,6.202,6.134,6.067,5.999,5.929,5.858,5.787,5.716,5.645,5.575,5.503,5.430,5.356,5.282,5.209,5.141,5.078,5.022,4.971,4.927,4.887,4.850,4.814,4.775,4.730,4.677,4.614,4.542,4.459,4.368,4.268,4.162,4.056,3.950,3.851,3.760,3.679,3.608,3.549,3.499,3.456,,
West Bank and Gaza,PSE,"Fertility rate, total (births per woman)",SP.DYN.TFRT.IN,,,,,,,,,,,,,,,,,,,,,,,,,,,,,,,6.532,6.548,6.539,6.493,6.404,6.274,6.111,5.931,5.748,5.571,5.404,5.248,5.100,4.958,4.823,4.697,4.581,4.476,4.381,4.295,4.216,4.144,,
Samoa,WSM,"Fertility rate, total (births per woman)",SP.DYN.TFRT.IN,7.651,7.645,7.630,7.604,7.567,7.519,7.462,7.400,7.334,7.265,7.194,7.119,7.039,6.952,6.859,6.761,6.656,6.547,6.434,6.320,6.203,6.086,5.968,5.850,5.734,5.620,5.510,5.404,5.303,5.208,5.118,5.034,4.956,4.882,4.815,4.751,4.692,4.637,4.587,4.541,4.503,4.476,4.460,4.454,4.456,4.460,4.460,4.450,4.426,4.389,4.338,4.277,,
"Yemen, Rep.",YEM,"Fertility rate, total (births per woman)",SP.DYN.TFRT.IN,7.292,7.308,7.328,7.354,7.385,7.418,7.447,7.471,7.491,7.512,7.542,7.593,7.672,7.782,7.922,8.089,8.277,8.474,8.667,8.843,8.993,9.108,9.185,9.223,9.223,9.186,9.119,9.030,8.925,8.805,8.667,8.504,8.311,8.088,7.841,7.578,7.310,7.049,6.802,6.574,6.363,6.166,5.975,5.782,5.588,5.393,5.199,5.010,4.829,4.658,4.498,4.348,,
South Africa,ZAF,"Fertility rate, total (births per woman)",SP.DYN.TFRT.IN,6.173,6.144,6.103,6.049,5.984,5.911,5.836,5.765,5.700,5.643,5.591,5.539,5.482,5.415,5.338,5.251,5.159,5.064,4.969,4.877,4.786,4.695,4.602,4.504,4.402,4.293,4.177,4.052,3.923,3.791,3.658,3.530,3.408,3.296,3.196,3.110,3.040,2.983,2.937,2.899,2.866,2.834,2.801,2.763,2.721,2.675,2.627,2.580,2.538,2.500,2.467,2.438,,
"Congo, Dem. Rep.",COD,"Fertility rate, total (births per woman)",SP.DYN.TFRT.IN,6.001,6.015,6.030,6.048,6.067,6.089,6.111,6.135,6.161,6.187,6.214,6.242,6.271,6.301,6.333,6.366,6.403,6.443,6.487,6.535,6.585,6.636,6.689,6.742,6.794,6.847,6.902,6.960,7.019,7.077,7.133,7.183,7.223,7.251,7.267,7.267,7.253,7.227,7.190,7.143,7.089,7.027,6.960,6.887,6.809,6.728,6.642,6.550,6.454,6.354,6.251,6.146,,
Zambia,ZMB,"Fertility rate, total (births per woman)",SP.DYN.TFRT.IN,7.018,7.071,7.127,7.184,7.240,7.292,7.338,7.376,7.405,7.425,7.437,7.443,7.446,7.447,7.444,7.435,7.414,7.378,7.326,7.259,7.182,7.098,7.015,6.937,6.865,6.799,6.737,6.673,6.606,6.537,6.468,6.401,6.340,6.288,6.245,6.209,6.179,6.152,6.126,6.098,6.071,6.044,6.018,5.995,5.974,5.954,5.932,5.908,5.881,5.849,5.813,5.773,,
Zimbabwe,ZWE,"Fertility rate, total (births per woman)",SP.DYN.TFRT.IN,7.158,7.215,7.267,7.311,7.347,7.373,7.391,7.403,7.411,7.415,7.417,7.419,7.420,7.417,7.410,7.395,7.369,7.330,7.273,7.196,7.095,6.967,6.811,6.633,6.435,6.223,6.004,5.784,5.569,5.365,5.176,5.001,4.840,4.690,4.554,4.432,4.328,4.240,4.169,4.112,4.069,4.039,4.018,4.002,3.987,3.969,3.941,3.903,3.853,3.792,3.721,3.643,,
